{"stats":{"minecraft:broken":{"constructionwand:stone_wand":1},"minecraft:mined":{"minecraft:oak_sapling":2,"minecraft:farmland":1,"exdeorum:crushed_blackstone":1,"allthecompressed:sand_1x":1,"minecraft:iron_ore":3,"exdeorum:oak_sieve":1,"minecraft:oak_slab":2,"exdeorum:infested_leaves":30,"minecraft:torch":1,"allthecompressed:gravel_1x":1,"minecraft:chest":2,"minecraft:cobblestone":14,"exdeorum:compressed_dust":1,"minecraft:oak_log":10,"exdeorum:oak_barrel":1,"minecraft:dirt":1,"minecraft:gravel":95,"minecraft:sand":1,"allthecompressed:cobblestone_1x":10,"minecraft:oak_leaves":110},"minecraft:picked_up":{"exdeorum:gold_ore_chunk":8,"minecraft:wheat":2,"exdeorum:dust":9,"exdeorum:iron_ore_chunk":18,"exdeorum:blackstone_pebble":51,"minecraft:string":1,"exdeorum:string_mesh":3,"exdeorum:granite_pebble":51,"exdeorum:zinc_ore_chunk":2,"minecraft:chest":2,"minecraft:raw_iron":3,"minecraft:stick":17,"exdeorum:compressed_dust":1,"exdeorum:tuff_pebble":1,"minecraft:pointed_dripstone":22,"exdeorum:silk_worm":2,"ae2:certus_quartz_dust":1,"exdeorum:diorite_pebble":35,"exdeorum:tin_ore_chunk":9,"exdeorum:andesite_pebble":36,"exdeorum:crushed_deepslate":1,"exdeorum:osmium_ore_chunk":7,"exdeorum:basalt_pebble":46,"minecraft:flint":35,"minecraft:oak_log":36,"minecraft:dirt":1,"minecraft:lapis_lazuli":4,"exdeorum:nickel_ore_chunk":7,"ae2:sky_dust":1,"minecraft:apple":1,"minecraft:wheat_seeds":3,"exdeorum:oak_sieve":1,"exdeorum:stone_pebble":284,"exdeorum:crushed_blackstone":2,"exdeorum:deepslate_pebble":45,"exdeorum:lead_ore_chunk":8,"xycraft_world:xychorium_gem_red":1,"minecraft:gravel":205,"exdeorum:flint_mesh":1,"minecraft:sand":11,"minecraft:amethyst_shard":1,"exdeorum:silver_ore_chunk":7,"exdeorum:wooden_watering_can":1,"exdeorum:aluminum_ore_chunk":12,"minecraft:clay":13,"exdeorum:calcite_pebble":1,"minecraft:bone_meal":2,"exdeorum:copper_ore_chunk":11,"minecraft:oak_sapling":17,"minecraft:coal":11,"minecraft:oak_leaves":57},"minecraft:dropped":{"exdeorum:basalt_pebble":9,"minecraft:clay":12,"exdeorum:deepslate_pebble":10,"exdeorum:iron_ore_chunk":1,"ars_nouveau:worn_notebook":1,"exdeorum:silk_worm":2,"minecraft:wooden_sword":1,"exdeorum:granite_pebble":14,"minecraft:bone_meal":8,"ftbquests:book":1,"minecraft:string":1,"exdeorum:stone_pebble":17,"powah:book":1,"minecraft:pointed_dripstone":15,"exdeorum:aluminum_ore_chunk":1,"create:wrench":1,"minecraft:oak_sapling":9,"minecraft:wooden_shovel":1,"exdeorum:diorite_pebble":4,"exdeorum:andesite_pebble":9,"exdeorum:blackstone_pebble":13,"minecraft:wooden_pickaxe":1,"minecraft:oak_leaves":57},"minecraft:custom":{"minecraft:interact_with_crafting_table":2,"minecraft:time_since_death":80628,"minecraft:sprint_one_cm":13284,"minecraft:walk_one_cm":111212,"minecraft:drop":30,"minecraft:play_time":80628,"minecraft:sneak_time":7150,"minecraft:jump":210,"minecraft:walk_on_water_one_cm":246,"minecraft:total_world_time":80628,"minecraft:interact_with_furnace":13,"minecraft:time_since_rest":80628,"minecraft:damage_taken":66,"minecraft:damage_dealt":40,"minecraft:use_wand":243,"minecraft:fly_one_cm":5947,"minecraft:open_chest":131,"minecraft:crouch_one_cm":25893,"minecraft:fall_one_cm":209},"minecraft:used":{"minecraft:stone_shovel":37,"minecraft:chest":4,"exdeorum:crook":82,"allthecompressed:cobblestone_1x":10,"minecraft:wooden_shovel":57,"minecraft:dirt":1,"alltheores:silver_ore":2,"alltheores:lead_ore":2,"minecraft:wooden_axe":47,"minecraft:copper_ore":3,"alltheores:tin_ore":2,"minecraft:basalt":1,"exdeorum:stone_hammer":15,"minecraft:oak_sapling":8,"minecraft:furnace":1,"minecraft:cooked_beef":1,"minecraft:cobbled_deepslate":1,"exdeorum:oak_sieve":2,"minecraft:wheat_seeds":1,"minecraft:iron_ore":6,"minecraft:stone_pickaxe":3,"minecraft:blackstone":1,"minecraft:gold_ore":2,"minecraft:sand":1,"alltheores:nickel_ore":1,"minecraft:oak_slab":213,"minecraft:crafting_table":1,"constructionwand:stone_wand":40,"exdeorum:crushed_blackstone":1,"exdeorum:compressed_dust":1,"minecraft:wooden_hoe":1,"exdeorum:oak_barrel":1,"allthecompressed:sand_1x":1,"allthecompressed:gravel_1x":1,"minecraft:gravel":96,"minecraft:cobblestone":14,"exdeorum:compressed_stone_hammer":14,"minecraft:bone_meal":8},"minecraft:crafted":{"minecraft:oak_planks":38,"minecraft:stone_shovel":1,"minecraft:barrel":1,"minecraft:cobbled_deepslate":10,"minecraft:sand":1,"minecraft:furnace":1,"alltheores:silver_ore":2,"croptopia:toast":2,"minecraft:bone_meal":2,"allthecompressed:cobblestone_1x":11,"allthecompressed:cobbled_deepslate_1x":1,"minecraft:granite":1,"minecraft:basalt":6,"alltheores:tin_ore":2,"alltheores:nickel_ore":1,"exdeorum:string_mesh":1,"minecraft:stone_pickaxe":1,"allthecompressed:sand_1x":1,"minecraft:chest":2,"exdeorum:stone_hammer":10,"dankstorage:dank_1":1,"minecraft:oak_slab":86,"minecraft:wooden_shovel":1,"exdeorum:oak_barrel":1,"minecraft:crafting_table":2,"minecraft:gold_ore":2,"minecraft:wooden_pickaxe":1,"pickletweaks:flint_shears":1,"exdeorum:compressed_stone_hammer":1,"minecraft:copper_ore":3,"crafting_on_a_stick:crafting_table":1,"minecraft:diorite":3,"minecraft:air":487,"alltheores:lead_ore":3,"exdeorum:crook":1,"minecraft:cobblestone":65,"minecraft:wooden_hoe":1,"minecraft:charcoal":3,"exdeorum:flint_mesh":1,"constructionwand:stone_wand":2,"minecraft:stick":8,"minecraft:blackstone":4,"minecraft:iron_ore":6,"exdeorum:oak_sieve":1,"exdeorum:dust":1,"minecraft:andesite":3,"exdeorum:compressed_dust":1}},"DataVersion":3465}