{"stats":{"minecraft:broken":{"constructionwand:stone_wand":3,"exdeorum:crook":1},"minecraft:picked_up":{"exdeorum:gold_ore_chunk":12,"minecraft:wheat":2,"exdeorum:dust":9,"minecraft:clay_ball":4,"minecraft:lead":2,"exdeorum:iron_ore_chunk":34,"exdeorum:blackstone_pebble":51,"minecraft:string":71,"minecraft:raw_copper":94,"exdeorum:string_mesh":7,"exdeorum:granite_pebble":51,"exdeorum:zinc_ore_chunk":2,"minecraft:chest":2,"minecraft:stick":22,"minecraft:raw_iron":3,"exdeorum:compressed_dust":1,"minecraft:torch":1,"exdeorum:tuff_pebble":1,"minecraft:pointed_dripstone":65,"exdeorum:silk_worm":3,"ae2:certus_quartz_dust":1,"exdeorum:diorite_pebble":35,"exdeorum:tin_ore_chunk":24,"exdeorum:andesite_pebble":36,"exdeorum:crushed_deepslate":1,"minecraft:cobblestone":566,"exdeorum:osmium_ore_chunk":13,"exdeorum:basalt_pebble":46,"minecraft:leather":4,"minecraft:flint":98,"minecraft:oak_log":41,"exdeorum:nickel_ore_chunk":12,"minecraft:lapis_lazuli":19,"minecraft:dirt":1,"ae2:sky_dust":1,"minecraft:apple":1,"minecraft:wheat_seeds":3,"exdeorum:oak_sieve":12,"exdeorum:stone_pebble":284,"minecraft:oak_planks":128,"exdeorum:crushed_blackstone":2,"minecraft:oak_slab":119,"exdeorum:deepslate_pebble":45,"exdeorum:lead_ore_chunk":17,"allthecompressed:gravel_1x":1,"xycraft_world:xychorium_gem_red":1,"minecraft:gravel":658,"exdeorum:flint_mesh":3,"minecraft:sand":12,"minecraft:amethyst_shard":1,"exdeorum:silver_ore_chunk":21,"minecraft:barrel":1,"exdeorum:wooden_watering_can":1,"minecraft:clay":13,"exdeorum:aluminum_ore_chunk":26,"exdeorum:calcite_pebble":1,"minecraft:bone_meal":2,"exdeorum:copper_ore_chunk":39,"minecraft:oak_sapling":25,"minecraft:coal":58,"minecraft:oak_leaves":57},"minecraft:used":{"minecraft:stone_shovel":37,"minecraft:chest":4,"exdeorum:crook":128,"allthecompressed:cobblestone_1x":18,"minecraft:wooden_shovel":57,"minecraft:torch":1,"minecraft:dirt":1,"alltheores:silver_ore":3,"alltheores:lead_ore":2,"minecraft:wooden_axe":163,"minecraft:copper_ore":28,"minecraft:barrel":2,"alltheores:tin_ore":2,"minecraft:basalt":1,"exdeorum:stone_hammer":16,"minecraft:oak_sapling":10,"minecraft:furnace":1,"tombstone:gift":1,"minecraft:cooked_beef":1,"minecraft:cobbled_deepslate":1,"exdeorum:oak_sieve":11,"minecraft:wheat_seeds":1,"minecraft:iron_ore":28,"minecraft:stone_pickaxe":29,"minecraft:oak_planks":134,"minecraft:blackstone":1,"minecraft:clay":1,"minecraft:gold_ore":2,"minecraft:sand":1,"alltheores:nickel_ore":1,"minecraft:oak_slab":478,"minecraft:crafting_table":1,"exdeorum:crushed_blackstone":1,"constructionwand:stone_wand":76,"exdeorum:compressed_dust":1,"minecraft:wooden_hoe":1,"exdeorum:oak_barrel":1,"allthecompressed:sand_1x":1,"allthecompressed:gravel_1x":2,"minecraft:gravel":97,"croptopia:toast":2,"minecraft:cobblestone":18,"functionalstorage:oak_1":1,"exdeorum:compressed_stone_hammer":43,"minecraft:bone_meal":8},"minecraft:killed_by":{"minecraft:phantom":1},"minecraft:mined":{"minecraft:oak_sapling":2,"minecraft:farmland":1,"exdeorum:crushed_blackstone":1,"allthecompressed:sand_1x":1,"minecraft:iron_ore":3,"minecraft:barrel":1,"exdeorum:oak_sieve":12,"minecraft:oak_slab":84,"exdeorum:infested_leaves":30,"minecraft:clay":1,"minecraft:torch":1,"allthecompressed:gravel_1x":2,"minecraft:chest":3,"minecraft:copper_ore":25,"minecraft:cobblestone":15,"exdeorum:compressed_dust":1,"minecraft:oak_log":14,"exdeorum:oak_barrel":1,"minecraft:gravel":96,"minecraft:sand":1,"minecraft:dirt":1,"allthecompressed:cobblestone_1x":39,"minecraft:oak_leaves":156},"minecraft:crafted":{"minecraft:oak_planks":53,"minecraft:stone_shovel":1,"minecraft:barrel":1,"minecraft:cobbled_deepslate":10,"minecraft:sand":1,"minecraft:furnace":1,"alltheores:silver_ore":3,"croptopia:toast":2,"minecraft:bone_meal":2,"allthecompressed:cobblestone_1x":25,"allthecompressed:cobbled_deepslate_1x":1,"minecraft:granite":1,"minecraft:basalt":6,"alltheores:tin_ore":2,"alltheores:nickel_ore":1,"exdeorum:string_mesh":8,"allthecompressed:sand_1x":1,"minecraft:stone_pickaxe":1,"minecraft:chest":3,"exdeorum:stone_hammer":10,"functionalstorage:oak_1":1,"dankstorage:dank_1":1,"minecraft:oak_slab":103,"minecraft:wooden_shovel":1,"exdeorum:oak_barrel":1,"minecraft:crafting_table":2,"minecraft:gold_ore":2,"pickletweaks:flint_shears":1,"minecraft:wooden_pickaxe":1,"minecraft:copper_ingot":7,"minecraft:copper_ore":28,"exdeorum:compressed_stone_hammer":1,"crafting_on_a_stick:crafting_table":1,"minecraft:diorite":3,"minecraft:air":897,"alltheores:lead_ore":3,"exdeorum:crook":1,"minecraft:cobblestone":71,"minecraft:wooden_hoe":1,"minecraft:charcoal":3,"exdeorum:flint_mesh":1,"constructionwand:stone_wand":4,"minecraft:stick":20,"minecraft:iron_ingot":3,"minecraft:blackstone":4,"minecraft:iron_ore":29,"exdeorum:oak_sieve":10,"exdeorum:dust":1,"minecraft:andesite":3,"exdeorum:compressed_dust":1},"minecraft:killed":{"minecraft:trader_llama":2},"minecraft:custom":{"minecraft:mob_kills":2,"minecraft:interact_with_crafting_table":2,"minecraft:open_barrel":9,"minecraft:leave_game":1,"minecraft:time_since_death":22008,"minecraft:walk_one_cm":190464,"minecraft:sprint_one_cm":29345,"minecraft:drop":45,"minecraft:talked_to_villager":1,"minecraft:play_time":134541,"minecraft:deaths":2,"minecraft:sneak_time":9850,"minecraft:jump":383,"minecraft:walk_on_water_one_cm":246,"minecraft:total_world_time":134541,"minecraft:interact_with_furnace":18,"minecraft:time_since_rest":21846,"minecraft:damage_taken":616,"minecraft:damage_dealt":1099,"minecraft:use_wand":458,"minecraft:fly_one_cm":25674,"minecraft:open_chest":166,"minecraft:crouch_one_cm":35222,"minecraft:fall_one_cm":82085},"minecraft:dropped":{"minecraft:enchanted_book":1,"exdeorum:basalt_pebble":9,"minecraft:bread":1,"minecraft:clay":12,"minecraft:oak_slab":12,"exdeorum:deepslate_pebble":10,"minecraft:cobblestone":3,"minecraft:lead":2,"exdeorum:oak_sieve":11,"exdeorum:iron_ore_chunk":2,"ars_nouveau:worn_notebook":1,"exdeorum:silk_worm":2,"minecraft:wooden_sword":1,"exdeorum:granite_pebble":14,"minecraft:bone_meal":8,"minecraft:string":1,"ftbquests:book":1,"exdeorum:stone_pebble":17,"exdeorum:string_mesh":3,"powah:book":1,"minecraft:pointed_dripstone":29,"exdeorum:flint_mesh":1,"exdeorum:tin_ore_chunk":1,"exdeorum:aluminum_ore_chunk":1,"create:wrench":1,"minecraft:wooden_shovel":1,"minecraft:oak_sapling":9,"exdeorum:diorite_pebble":4,"minecraft:barrel":1,"minecraft:wooden_pickaxe":1,"exdeorum:andesite_pebble":9,"exdeorum:blackstone_pebble":13,"minecraft:oak_leaves":57}},"DataVersion":3465}