{"stats":{"minecraft:broken":{"constructionwand:stone_wand":1},"minecraft:mined":{"minecraft:oak_slab":1,"minecraft:oak_sapling":2,"minecraft:farmland":1,"exdeorum:infested_leaves":30,"minecraft:torch":1,"allthecompressed:gravel_1x":1,"minecraft:chest":1,"minecraft:cobblestone":5,"exdeorum:crushed_blackstone":1,"allthecompressed:sand_1x":1,"exdeorum:compressed_dust":1,"minecraft:oak_log":10,"exdeorum:oak_barrel":1,"minecraft:sand":1,"minecraft:gravel":93,"minecraft:dirt":1,"exdeorum:oak_sieve":1,"allthecompressed:cobblestone_1x":4,"minecraft:oak_leaves":110},"minecraft:picked_up":{"exdeorum:gold_ore_chunk":3,"exdeorum:osmium_ore_chunk":2,"minecraft:wheat":2,"exdeorum:basalt_pebble":25,"exdeorum:dust":9,"minecraft:flint":12,"exdeorum:iron_ore_chunk":7,"minecraft:oak_log":36,"exdeorum:nickel_ore_chunk":1,"minecraft:lapis_lazuli":1,"exdeorum:blackstone_pebble":25,"minecraft:dirt":1,"minecraft:string":1,"exdeorum:granite_pebble":31,"exdeorum:string_mesh":2,"ae2:sky_dust":1,"minecraft:apple":1,"minecraft:wheat_seeds":3,"exdeorum:stone_pebble":126,"exdeorum:oak_sieve":1,"exdeorum:zinc_ore_chunk":1,"minecraft:chest":1,"exdeorum:crushed_blackstone":2,"exdeorum:compressed_dust":1,"minecraft:stick":14,"exdeorum:deepslate_pebble":25,"exdeorum:lead_ore_chunk":2,"xycraft_world:xychorium_gem_red":1,"exdeorum:tuff_pebble":1,"minecraft:gravel":128,"exdeorum:flint_mesh":1,"minecraft:sand":10,"minecraft:pointed_dripstone":9,"exdeorum:silver_ore_chunk":5,"exdeorum:wooden_watering_can":1,"exdeorum:silk_worm":2,"exdeorum:calcite_pebble":1,"exdeorum:aluminum_ore_chunk":6,"ae2:certus_quartz_dust":1,"exdeorum:diorite_pebble":23,"exdeorum:tin_ore_chunk":3,"exdeorum:copper_ore_chunk":6,"minecraft:bone_meal":2,"exdeorum:andesite_pebble":17,"minecraft:oak_sapling":14,"minecraft:coal":2,"exdeorum:crushed_deepslate":1,"minecraft:oak_leaves":57},"minecraft:dropped":{"minecraft:pointed_dripstone":8,"exdeorum:iron_ore_chunk":1,"ars_nouveau:worn_notebook":1,"exdeorum:silk_worm":2,"exdeorum:aluminum_ore_chunk":1,"create:wrench":1,"minecraft:wooden_shovel":1,"minecraft:oak_sapling":3,"exdeorum:granite_pebble":7,"minecraft:string":1,"ftbquests:book":1,"minecraft:oak_leaves":57},"minecraft:custom":{"minecraft:interact_with_furnace":12,"minecraft:interact_with_crafting_table":2,"minecraft:time_since_death":56628,"minecraft:time_since_rest":56628,"minecraft:walk_one_cm":69756,"minecraft:sprint_one_cm":8524,"minecraft:damage_taken":66,"minecraft:drop":13,"minecraft:use_wand":243,"minecraft:damage_dealt":30,"minecraft:fly_one_cm":5084,"minecraft:open_chest":85,"minecraft:crouch_one_cm":21696,"minecraft:play_time":56628,"minecraft:sneak_time":5568,"minecraft:jump":150,"minecraft:total_world_time":56628,"minecraft:fall_one_cm":209},"minecraft:used":{"exdeorum:oak_sieve":2,"minecraft:wheat_seeds":1,"minecraft:iron_ore":1,"minecraft:stone_shovel":37,"minecraft:blackstone":1,"minecraft:chest":3,"exdeorum:crook":82,"allthecompressed:cobblestone_1x":4,"minecraft:wooden_shovel":57,"minecraft:gold_ore":1,"minecraft:dirt":1,"minecraft:sand":1,"minecraft:oak_slab":213,"minecraft:crafting_table":1,"exdeorum:crushed_blackstone":1,"alltheores:silver_ore":1,"constructionwand:stone_wand":40,"exdeorum:compressed_dust":1,"minecraft:wooden_hoe":1,"minecraft:wooden_axe":46,"exdeorum:oak_barrel":1,"allthecompressed:sand_1x":1,"allthecompressed:gravel_1x":1,"minecraft:copper_ore":1,"minecraft:gravel":94,"minecraft:cobblestone":5,"exdeorum:stone_hammer":6,"minecraft:furnace":1,"minecraft:oak_sapling":7,"exdeorum:compressed_stone_hammer":7,"minecraft:cooked_beef":1,"minecraft:cobbled_deepslate":1,"minecraft:bone_meal":8},"minecraft:crafted":{"minecraft:oak_slab":86,"minecraft:oak_planks":32,"minecraft:wooden_shovel":1,"minecraft:stone_shovel":1,"minecraft:barrel":1,"exdeorum:oak_barrel":1,"minecraft:crafting_table":2,"minecraft:gold_ore":1,"pickletweaks:flint_shears":1,"minecraft:cobbled_deepslate":10,"minecraft:sand":1,"minecraft:furnace":1,"alltheores:silver_ore":1,"croptopia:toast":2,"minecraft:copper_ore":1,"exdeorum:compressed_stone_hammer":1,"minecraft:bone_meal":2,"crafting_on_a_stick:crafting_table":1,"allthecompressed:cobblestone_1x":4,"allthecompressed:cobbled_deepslate_1x":1,"minecraft:diorite":3,"minecraft:air":404,"exdeorum:crook":1,"minecraft:granite":1,"minecraft:basalt":6,"minecraft:charcoal":3,"minecraft:wooden_hoe":1,"minecraft:cobblestone":29,"exdeorum:string_mesh":1,"exdeorum:flint_mesh":1,"constructionwand:stone_wand":2,"minecraft:stick":4,"minecraft:blackstone":4,"allthecompressed:sand_1x":1,"minecraft:chest":2,"minecraft:iron_ore":1,"exdeorum:oak_sieve":1,"exdeorum:dust":1,"exdeorum:compressed_dust":1,"minecraft:andesite":3,"exdeorum:stone_hammer":10}},"DataVersion":3465}