{"stats":{"minecraft:broken":{"constructionwand:stone_wand":3,"exdeorum:crook":1},"minecraft:picked_up":{"exdeorum:gold_ore_chunk":8,"minecraft:wheat":2,"exdeorum:dust":9,"minecraft:clay_ball":4,"exdeorum:iron_ore_chunk":18,"exdeorum:blackstone_pebble":51,"minecraft:string":71,"exdeorum:string_mesh":7,"exdeorum:granite_pebble":51,"exdeorum:zinc_ore_chunk":2,"minecraft:chest":2,"minecraft:stick":22,"minecraft:raw_iron":3,"exdeorum:compressed_dust":1,"minecraft:torch":1,"exdeorum:tuff_pebble":1,"minecraft:pointed_dripstone":22,"exdeorum:silk_worm":3,"ae2:certus_quartz_dust":1,"exdeorum:diorite_pebble":35,"exdeorum:tin_ore_chunk":9,"exdeorum:andesite_pebble":36,"exdeorum:crushed_deepslate":1,"minecraft:cobblestone":2,"exdeorum:osmium_ore_chunk":7,"exdeorum:basalt_pebble":46,"minecraft:flint":35,"minecraft:oak_log":41,"exdeorum:nickel_ore_chunk":7,"minecraft:lapis_lazuli":4,"minecraft:dirt":1,"ae2:sky_dust":1,"minecraft:apple":1,"minecraft:wheat_seeds":3,"exdeorum:oak_sieve":12,"exdeorum:stone_pebble":284,"minecraft:oak_planks":128,"exdeorum:crushed_blackstone":2,"minecraft:oak_slab":119,"exdeorum:deepslate_pebble":45,"exdeorum:lead_ore_chunk":8,"allthecompressed:gravel_1x":1,"xycraft_world:xychorium_gem_red":1,"minecraft:gravel":214,"exdeorum:flint_mesh":3,"minecraft:sand":12,"minecraft:amethyst_shard":1,"exdeorum:silver_ore_chunk":7,"exdeorum:wooden_watering_can":1,"minecraft:clay":13,"exdeorum:aluminum_ore_chunk":12,"exdeorum:calcite_pebble":1,"minecraft:bone_meal":2,"exdeorum:copper_ore_chunk":11,"minecraft:oak_sapling":25,"minecraft:coal":11,"minecraft:oak_leaves":57},"minecraft:used":{"minecraft:stone_shovel":37,"minecraft:chest":4,"exdeorum:crook":128,"allthecompressed:cobblestone_1x":11,"minecraft:wooden_shovel":57,"minecraft:torch":1,"minecraft:dirt":1,"alltheores:silver_ore":2,"alltheores:lead_ore":2,"minecraft:wooden_axe":146,"minecraft:copper_ore":3,"alltheores:tin_ore":2,"minecraft:basalt":1,"exdeorum:stone_hammer":16,"minecraft:oak_sapling":10,"minecraft:furnace":1,"tombstone:gift":1,"minecraft:cooked_beef":1,"minecraft:cobbled_deepslate":1,"exdeorum:oak_sieve":11,"minecraft:wheat_seeds":1,"minecraft:iron_ore":6,"minecraft:stone_pickaxe":3,"minecraft:oak_planks":134,"minecraft:blackstone":1,"minecraft:clay":1,"minecraft:gold_ore":2,"minecraft:sand":1,"alltheores:nickel_ore":1,"minecraft:oak_slab":478,"minecraft:crafting_table":1,"exdeorum:crushed_blackstone":1,"constructionwand:stone_wand":76,"exdeorum:compressed_dust":1,"minecraft:wooden_hoe":1,"exdeorum:oak_barrel":1,"allthecompressed:sand_1x":1,"allthecompressed:gravel_1x":2,"minecraft:gravel":97,"croptopia:toast":1,"minecraft:cobblestone":14,"exdeorum:compressed_stone_hammer":15,"minecraft:bone_meal":8},"minecraft:killed_by":{"minecraft:phantom":1},"minecraft:mined":{"minecraft:oak_sapling":2,"minecraft:farmland":1,"exdeorum:crushed_blackstone":1,"allthecompressed:sand_1x":1,"minecraft:iron_ore":3,"exdeorum:oak_sieve":12,"minecraft:oak_slab":84,"exdeorum:infested_leaves":30,"minecraft:clay":1,"minecraft:torch":1,"allthecompressed:gravel_1x":2,"minecraft:chest":2,"minecraft:cobblestone":14,"exdeorum:compressed_dust":1,"minecraft:oak_log":14,"exdeorum:oak_barrel":1,"minecraft:gravel":96,"minecraft:sand":1,"minecraft:dirt":1,"allthecompressed:cobblestone_1x":11,"minecraft:oak_leaves":156},"minecraft:crafted":{"minecraft:oak_planks":53,"minecraft:stone_shovel":1,"minecraft:barrel":1,"minecraft:cobbled_deepslate":10,"minecraft:sand":1,"minecraft:furnace":1,"alltheores:silver_ore":2,"croptopia:toast":2,"minecraft:bone_meal":2,"allthecompressed:cobblestone_1x":18,"allthecompressed:cobbled_deepslate_1x":1,"minecraft:granite":1,"minecraft:basalt":6,"alltheores:tin_ore":2,"alltheores:nickel_ore":1,"exdeorum:string_mesh":8,"allthecompressed:sand_1x":1,"minecraft:stone_pickaxe":1,"minecraft:chest":2,"exdeorum:stone_hammer":10,"dankstorage:dank_1":1,"minecraft:oak_slab":103,"minecraft:wooden_shovel":1,"exdeorum:oak_barrel":1,"minecraft:crafting_table":2,"minecraft:gold_ore":2,"pickletweaks:flint_shears":1,"minecraft:wooden_pickaxe":1,"minecraft:copper_ore":3,"exdeorum:compressed_stone_hammer":1,"crafting_on_a_stick:crafting_table":1,"minecraft:diorite":3,"minecraft:air":845,"alltheores:lead_ore":3,"exdeorum:crook":1,"minecraft:cobblestone":71,"minecraft:wooden_hoe":1,"minecraft:charcoal":3,"exdeorum:flint_mesh":1,"constructionwand:stone_wand":4,"minecraft:stick":20,"minecraft:blackstone":4,"minecraft:iron_ore":6,"exdeorum:oak_sieve":10,"exdeorum:dust":1,"minecraft:andesite":3,"exdeorum:compressed_dust":1},"minecraft:custom":{"minecraft:interact_with_crafting_table":2,"minecraft:leave_game":1,"minecraft:time_since_death":10008,"minecraft:walk_one_cm":156881,"minecraft:sprint_one_cm":23320,"minecraft:drop":39,"minecraft:play_time":122541,"minecraft:deaths":2,"minecraft:sneak_time":9560,"minecraft:jump":307,"minecraft:walk_on_water_one_cm":246,"minecraft:total_world_time":122541,"minecraft:interact_with_furnace":13,"minecraft:time_since_rest":9846,"minecraft:damage_taken":616,"minecraft:damage_dealt":40,"minecraft:use_wand":458,"minecraft:fly_one_cm":17291,"minecraft:open_chest":156,"minecraft:crouch_one_cm":35020,"minecraft:fall_one_cm":80980},"minecraft:dropped":{"minecraft:enchanted_book":1,"exdeorum:basalt_pebble":9,"minecraft:bread":1,"minecraft:clay":12,"minecraft:oak_slab":12,"exdeorum:deepslate_pebble":10,"minecraft:cobblestone":2,"exdeorum:oak_sieve":11,"exdeorum:iron_ore_chunk":1,"ars_nouveau:worn_notebook":1,"exdeorum:silk_worm":2,"minecraft:wooden_sword":1,"exdeorum:granite_pebble":14,"minecraft:bone_meal":8,"minecraft:string":1,"ftbquests:book":1,"exdeorum:stone_pebble":17,"exdeorum:string_mesh":3,"powah:book":1,"minecraft:pointed_dripstone":15,"exdeorum:flint_mesh":1,"exdeorum:aluminum_ore_chunk":1,"create:wrench":1,"minecraft:wooden_shovel":1,"minecraft:oak_sapling":9,"exdeorum:diorite_pebble":4,"minecraft:wooden_pickaxe":1,"exdeorum:andesite_pebble":9,"exdeorum:blackstone_pebble":13,"minecraft:oak_leaves":57}},"DataVersion":3465}