{"stats":{"minecraft:killed_by":{"minecraft:phantom":1},"minecraft:killed":{"minecraft:trader_llama":2},"minecraft:used":{"minecraft:stone_shovel":37,"rftoolspower:coalgenerator":1,"minecraft:chest":4,"exdeorum:crook":128,"allthecompressed:cobblestone_1x":39,"minecraft:wooden_shovel":57,"minecraft:torch":1,"minecraft:dirt":1,"alltheores:silver_ore":3,"alltheores:osmium_ore":13,"minecraft:wooden_axe":163,"alltheores:lead_ore":2,"minecraft:copper_ore":28,"minecraft:barrel":2,"alltheores:tin_ore":2,"silentgear:pickaxe":25,"minecraft:basalt":1,"ironfurnaces:iron_furnace":1,"exdeorum:stone_hammer":26,"minecraft:oak_sapling":10,"minecraft:furnace":1,"tombstone:gift":1,"minecraft:cooked_beef":1,"minecraft:cobbled_deepslate":1,"exdeorum:oak_sieve":11,"minecraft:wheat_seeds":1,"minecraft:iron_ore":28,"minecraft:stone_pickaxe":57,"minecraft:oak_planks":134,"minecraft:blackstone":1,"mekanismtools:stone_paxel":1,"minecraft:clay":1,"minecraft:gold_ore":2,"minecraft:sand":11,"alltheores:nickel_ore":1,"minecraft:oak_slab":478,"minecraft:crafting_table":1,"constructionwand:stone_wand":76,"exdeorum:crushed_blackstone":1,"minecraft:white_bed":2,"exdeorum:compressed_dust":1,"minecraft:wooden_hoe":1,"exdeorum:oak_barrel":1,"allthecompressed:sand_1x":37,"allthecompressed:gravel_1x":38,"mekanism:metallurgic_infuser":1,"minecraft:gravel":97,"croptopia:toast":3,"minecraft:cobblestone":18,"functionalstorage:oak_1":1,"exdeorum:compressed_stone_hammer":130,"pipez:energy_pipe":2,"minecraft:bone_meal":8},"minecraft:crafted":{"silentgear:pickaxe":1,"pipez:wrench":1,"minecraft:oak_planks":53,"minecraft:coal":9,"minecraft:stone_shovel":2,"minecraft:barrel":1,"rftoolsbase:machine_frame":1,"minecraft:cobbled_deepslate":10,"minecraft:sand":2,"minecraft:furnace":3,"alltheores:gold_dust":12,"alltheores:silver_ore":3,"ironfurnaces:iron_furnace":1,"croptopia:toast":2,"minecraft:bone_meal":2,"allthecompressed:cobblestone_1x":46,"allthecompressed:cobbled_deepslate_1x":1,"alltheores:osmium_ore":13,"allthecompressed:gravel_1x":36,"minecraft:granite":1,"alltheores:copper_ore_hammer":1,"minecraft:basalt":6,"alltheores:osmium_dust":13,"alltheores:tin_ore":2,"alltheores:nickel_ore":1,"exdeorum:string_mesh":8,"silentgear:rough_rod":2,"minecraft:stone_pickaxe":2,"allthecompressed:sand_1x":37,"minecraft:chest":3,"minecraft:copper_block":2,"minecraft:redstone_block":2,"exdeorum:stone_hammer":10,"functionalstorage:oak_1":1,"dankstorage:dank_1":1,"minecraft:coal_block":12,"rftoolspower:coalgenerator":1,"minecraft:oak_slab":103,"minecraft:wooden_shovel":1,"alltheores:osmium_ingot":0,"exdeorum:oak_barrel":1,"mekanism:metallurgic_infuser":1,"minecraft:crafting_table":2,"minecraft:gold_ore":2,"pickletweaks:flint_shears":1,"minecraft:wooden_pickaxe":1,"pipez:energy_pipe":16,"minecraft:copper_ingot":26,"minecraft:copper_ore":28,"exdeorum:compressed_stone_hammer":1,"crafting_on_a_stick:crafting_table":1,"minecraft:stone_axe":1,"mekanismtools:stone_paxel":1,"minecraft:diorite":3,"minecraft:air":1125,"alltheores:lead_ore":3,"exdeorum:crook":1,"minecraft:blue_dye":2,"minecraft:white_wool":6,"minecraft:wooden_hoe":1,"minecraft:charcoal":3,"minecraft:cobblestone":71,"minecraft:gold_nugget":9,"exdeorum:flint_mesh":1,"constructionwand:stone_wand":4,"minecraft:stick":20,"minecraft:iron_ingot":9,"minecraft:blackstone":4,"minecraft:iron_ore":29,"minecraft:gold_ingot":0,"exdeorum:oak_sieve":10,"alltheores:iron_dust":25,"minecraft:white_bed":2,"exdeorum:dust":1,"minecraft:redstone_torch":2,"minecraft:andesite":3,"exdeorum:compressed_dust":1},"minecraft:dropped":{"exdeorum:basalt_pebble":9,"minecraft:enchanted_book":1,"minecraft:bread":1,"minecraft:clay":12,"minecraft:oak_slab":12,"xycraft_world:xychorium_gem_green":2,"xycraft_world:xychorium_gem_dark":3,"minecraft:wheat_seeds":2,"exdeorum:deepslate_pebble":10,"minecraft:cobblestone":65,"minecraft:lead":2,"constructionwand:stone_wand":1,"exdeorum:oak_sieve":11,"exdeorum:iron_ore_chunk":2,"ars_nouveau:worn_notebook":1,"minecraft:torch":4,"exdeorum:silk_worm":2,"minecraft:wooden_axe":1,"exdeorum:compressed_stone_hammer":2,"exdeorum:granite_pebble":14,"minecraft:wooden_sword":1,"minecraft:bone_meal":12,"ftbquests:book":1,"minecraft:string":1,"exdeorum:stone_pebble":17,"xycraft_world:xychorium_gem_light":4,"minecraft:gravel":1,"exdeorum:string_mesh":3,"xycraft_world:xychorium_gem_blue":1,"minecraft:wheat":1,"powah:book":1,"minecraft:stone_shovel":1,"minecraft:pointed_dripstone":59,"exdeorum:flint_mesh":1,"ae2:sky_dust":4,"xycraft_world:xychorium_gem_red":2,"exdeorum:nickel_ore_chunk":2,"minecraft:gunpowder":4,"exdeorum:tin_ore_chunk":2,"exdeorum:aluminum_ore_chunk":1,"create:wrench":1,"minecraft:wooden_shovel":1,"minecraft:oak_sapling":17,"ae2:certus_quartz_dust":6,"exdeorum:andesite_pebble":9,"exdeorum:blackstone_pebble":13,"exdeorum:diorite_pebble":4,"minecraft:barrel":1,"minecraft:stone_pickaxe":1,"minecraft:wooden_pickaxe":1,"minecraft:oak_leaves":57},"minecraft:custom":{"minecraft:mob_kills":2,"minecraft:interact_with_crafting_table":4,"minecraft:open_barrel":15,"minecraft:leave_game":2,"minecraft:time_since_death":53019,"minecraft:sprint_one_cm":53898,"minecraft:walk_one_cm":247280,"minecraft:drop":83,"minecraft:talked_to_villager":3,"minecraft:play_time":165552,"minecraft:deaths":2,"minecraft:sneak_time":10442,"minecraft:jump":546,"minecraft:walk_on_water_one_cm":323,"minecraft:total_world_time":165552,"minecraft:interact_with_furnace":34,"minecraft:sleep_in_bed":1,"minecraft:time_since_rest":28623,"minecraft:damage_taken":706,"minecraft:use_wand":458,"minecraft:damage_dealt":1129,"minecraft:fly_one_cm":48664,"minecraft:open_chest":196,"minecraft:crouch_one_cm":36562,"minecraft:fall_one_cm":85829},"minecraft:picked_up":{"exdeorum:gold_ore_chunk":12,"minecraft:wheat":2,"exdeorum:dust":208,"minecraft:clay_ball":4,"minecraft:lead":2,"exdeorum:iron_ore_chunk":34,"exdeorum:blackstone_pebble":51,"minecraft:string":71,"exdeorum:string_mesh":7,"minecraft:raw_copper":102,"exdeorum:granite_pebble":51,"exdeorum:zinc_ore_chunk":2,"exdeorum:compressed_stone_hammer":1,"minecraft:chest":2,"xycraft_world:xychorium_gem_green":6,"minecraft:furnace":1,"minecraft:stick":22,"minecraft:raw_iron":28,"exdeorum:compressed_dust":1,"minecraft:torch":1,"exdeorum:tuff_pebble":1,"minecraft:pointed_dripstone":66,"minecraft:redstone":14,"exdeorum:silk_worm":3,"xycraft_world:xychorium_gem_blue":1,"ae2:certus_quartz_dust":7,"exdeorum:diorite_pebble":35,"exdeorum:tin_ore_chunk":25,"alltheores:iron_dust":44,"exdeorum:andesite_pebble":36,"alltheores:raw_osmium":13,"exdeorum:crushed_deepslate":1,"minecraft:blaze_powder":11,"minecraft:cobblestone":566,"exdeorum:osmium_ore_chunk":13,"exdeorum:basalt_pebble":46,"minecraft:leather":4,"enderio:grains_of_infinity":11,"minecraft:flint":98,"minecraft:oak_log":41,"minecraft:gunpowder":4,"minecraft:lapis_lazuli":19,"exdeorum:nickel_ore_chunk":14,"minecraft:dirt":1,"ae2:sky_dust":4,"minecraft:apple":1,"minecraft:wheat_seeds":3,"minecraft:raw_gold":12,"exdeorum:oak_sieve":12,"exdeorum:stone_pebble":284,"minecraft:glowstone_dust":12,"minecraft:oak_planks":128,"exdeorum:crushed_blackstone":2,"minecraft:oak_slab":119,"exdeorum:deepslate_pebble":45,"exdeorum:lead_ore_chunk":20,"allthecompressed:gravel_1x":1,"xycraft_world:xychorium_gem_red":3,"exdeorum:flint_mesh":3,"minecraft:gravel":981,"minecraft:sand":336,"minecraft:amethyst_shard":1,"exdeorum:silver_ore_chunk":21,"exdeorum:wooden_watering_can":1,"xycraft_world:xychorium_gem_dark":3,"minecraft:barrel":1,"xycraft_world:xychorium_gem_light":4,"minecraft:clay":13,"exdeorum:aluminum_ore_chunk":26,"exdeorum:calcite_pebble":1,"minecraft:bone_meal":6,"exdeorum:copper_ore_chunk":39,"minecraft:oak_sapling":26,"minecraft:coal":102,"minecraft:oak_leaves":57},"minecraft:broken":{"constructionwand:stone_wand":3,"exdeorum:crook":1},"minecraft:mined":{"minecraft:oak_sapling":2,"minecraft:farmland":1,"alltheores:osmium_ore":13,"exdeorum:crushed_blackstone":1,"allthecompressed:sand_1x":22,"minecraft:furnace":1,"minecraft:iron_ore":28,"minecraft:barrel":1,"exdeorum:oak_sieve":12,"minecraft:oak_slab":84,"exdeorum:infested_leaves":30,"minecraft:clay":1,"minecraft:torch":1,"allthecompressed:gravel_1x":38,"minecraft:chest":3,"minecraft:copper_ore":28,"minecraft:cobblestone":15,"exdeorum:compressed_dust":1,"minecraft:oak_log":14,"exdeorum:oak_barrel":1,"minecraft:gravel":96,"minecraft:sand":11,"minecraft:dirt":1,"allthecompressed:cobblestone_1x":69,"minecraft:gold_ore":12,"minecraft:oak_leaves":156}},"DataVersion":3465}