{"stats":{"minecraft:mined":{"minecraft:oak_slab":1,"minecraft:oak_log":5,"minecraft:oak_sapling":1,"minecraft:dirt":1,"minecraft:oak_leaves":1,"minecraft:torch":1},"minecraft:picked_up":{"exdeorum:granite_pebble":7,"exdeorum:deepslate_pebble":6,"exdeorum:basalt_pebble":7,"minecraft:stick":2,"exdeorum:diorite_pebble":4,"exdeorum:stone_pebble":26,"exdeorum:andesite_pebble":4,"minecraft:oak_log":6,"minecraft:oak_sapling":2,"exdeorum:blackstone_pebble":6,"minecraft:dirt":1},"minecraft:dropped":{"minecraft:oak_sapling":1},"minecraft:custom":{"minecraft:time_since_rest":8628,"minecraft:crouch_one_cm":5576,"minecraft:play_time":8628,"minecraft:sprint_one_cm":199,"minecraft:walk_one_cm":4714,"minecraft:sneak_time":1724,"minecraft:drop":1,"minecraft:jump":17,"minecraft:damage_dealt":30,"minecraft:time_since_death":8628,"minecraft:total_world_time":8628,"minecraft:fall_one_cm":209,"minecraft:fly_one_cm":66},"minecraft:used":{"minecraft:wooden_axe":11,"minecraft:dirt":1,"minecraft:oak_slab":12,"minecraft:oak_sapling":1},"minecraft:crafted":{"minecraft:granite":1,"minecraft:oak_slab":12,"minecraft:oak_planks":6,"minecraft:andesite":1,"minecraft:cobblestone":6,"crafting_on_a_stick:crafting_table":1,"minecraft:crafting_table":1,"minecraft:blackstone":1,"minecraft:cobbled_deepslate":1,"minecraft:air":32}},"DataVersion":3465}