{"stats":{"minecraft:mined":{"minecraft:oak_slab":1,"minecraft:oak_sapling":2,"minecraft:torch":1,"minecraft:oak_log":5,"exdeorum:oak_barrel":1,"minecraft:dirt":1,"minecraft:cobblestone":2,"minecraft:oak_leaves":53},"minecraft:picked_up":{"minecraft:stick":12,"exdeorum:deepslate_pebble":23,"exdeorum:basalt_pebble":21,"minecraft:gravel":1,"minecraft:sand":1,"minecraft:oak_log":16,"minecraft:string":1,"exdeorum:blackstone_pebble":23,"minecraft:dirt":1,"exdeorum:granite_pebble":31,"exdeorum:silk_worm":2,"minecraft:apple":1,"exdeorum:diorite_pebble":22,"exdeorum:stone_pebble":118,"exdeorum:andesite_pebble":17,"minecraft:oak_sapling":6},"minecraft:dropped":{"exdeorum:silk_worm":2,"minecraft:oak_sapling":1,"exdeorum:granite_pebble":7,"minecraft:string":1,"ftbquests:book":1},"minecraft:custom":{"minecraft:time_since_rest":20628,"minecraft:damage_taken":66,"minecraft:sprint_one_cm":1989,"minecraft:walk_one_cm":20125,"minecraft:drop":5,"minecraft:use_wand":60,"minecraft:damage_dealt":30,"minecraft:interact_with_crafting_table":2,"minecraft:fly_one_cm":770,"minecraft:open_chest":9,"minecraft:crouch_one_cm":17942,"minecraft:play_time":20628,"minecraft:sneak_time":4265,"minecraft:jump":38,"minecraft:time_since_death":20628,"minecraft:total_world_time":20628,"minecraft:fall_one_cm":209},"minecraft:used":{"minecraft:wooden_axe":24,"exdeorum:oak_barrel":1,"exdeorum:crook":52,"minecraft:gravel":1,"minecraft:sand":1,"minecraft:dirt":1,"minecraft:cobblestone":2,"exdeorum:stone_hammer":2,"minecraft:oak_slab":108,"minecraft:oak_sapling":4,"constructionwand:stone_wand":10,"minecraft:cooked_beef":1},"minecraft:crafted":{"minecraft:granite":1,"minecraft:basalt":3,"minecraft:oak_slab":64,"minecraft:oak_planks":16,"exdeorum:oak_barrel":1,"minecraft:cobblestone":24,"minecraft:crafting_table":1,"constructionwand:stone_wand":1,"minecraft:stick":4,"minecraft:cobbled_deepslate":3,"minecraft:blackstone":1,"minecraft:andesite":3,"exdeorum:compressed_stone_hammer":1,"allthecompressed:cobblestone_1x":4,"crafting_on_a_stick:crafting_table":1,"exdeorum:stone_hammer":10,"minecraft:diorite":3,"minecraft:air":188,"exdeorum:crook":1}},"DataVersion":3465}