{"stats":{"minecraft:broken":{"constructionwand:stone_wand":1},"minecraft:mined":{"minecraft:oak_slab":1,"minecraft:oak_sapling":2,"exdeorum:infested_leaves":30,"minecraft:torch":1,"minecraft:chest":1,"minecraft:cobblestone":2,"minecraft:oak_log":5,"exdeorum:oak_barrel":1,"minecraft:sand":1,"minecraft:gravel":93,"minecraft:dirt":1,"exdeorum:oak_sieve":1,"allthecompressed:cobblestone_1x":4,"minecraft:oak_leaves":110},"minecraft:picked_up":{"exdeorum:basalt_pebble":22,"minecraft:flint":5,"exdeorum:iron_ore_chunk":1,"minecraft:oak_log":26,"exdeorum:blackstone_pebble":23,"minecraft:dirt":1,"minecraft:string":1,"exdeorum:granite_pebble":31,"exdeorum:string_mesh":2,"minecraft:apple":1,"exdeorum:stone_pebble":119,"exdeorum:oak_sieve":1,"minecraft:chest":1,"minecraft:stick":12,"exdeorum:deepslate_pebble":23,"xycraft_world:xychorium_gem_red":1,"minecraft:gravel":125,"exdeorum:flint_mesh":1,"minecraft:sand":1,"exdeorum:wooden_watering_can":1,"exdeorum:silk_worm":2,"exdeorum:aluminum_ore_chunk":1,"ae2:certus_quartz_dust":1,"exdeorum:diorite_pebble":22,"exdeorum:andesite_pebble":17,"minecraft:oak_sapling":8,"minecraft:oak_leaves":57},"minecraft:dropped":{"exdeorum:iron_ore_chunk":1,"exdeorum:silk_worm":2,"exdeorum:aluminum_ore_chunk":1,"minecraft:wooden_shovel":1,"minecraft:oak_sapling":3,"exdeorum:granite_pebble":7,"minecraft:string":1,"ftbquests:book":1,"minecraft:oak_leaves":57},"minecraft:custom":{"minecraft:interact_with_furnace":1,"minecraft:interact_with_crafting_table":2,"minecraft:time_since_death":32628,"minecraft:time_since_rest":32628,"minecraft:walk_one_cm":44494,"minecraft:sprint_one_cm":3884,"minecraft:damage_taken":66,"minecraft:drop":10,"minecraft:use_wand":139,"minecraft:damage_dealt":30,"minecraft:fly_one_cm":770,"minecraft:open_chest":36,"minecraft:crouch_one_cm":18196,"minecraft:play_time":32628,"minecraft:sneak_time":4393,"minecraft:jump":83,"minecraft:total_world_time":32628,"minecraft:fall_one_cm":209},"minecraft:used":{"exdeorum:oak_sieve":1,"minecraft:stone_shovel":37,"minecraft:chest":3,"exdeorum:crook":82,"allthecompressed:cobblestone_1x":4,"minecraft:wooden_shovel":57,"minecraft:dirt":1,"minecraft:sand":1,"minecraft:oak_slab":108,"minecraft:crafting_table":1,"constructionwand:stone_wand":24,"minecraft:wooden_axe":36,"exdeorum:oak_barrel":1,"minecraft:gravel":94,"minecraft:cobblestone":2,"exdeorum:stone_hammer":2,"minecraft:furnace":1,"minecraft:oak_sapling":5,"exdeorum:compressed_stone_hammer":4,"minecraft:cooked_beef":1,"minecraft:bone_meal":1},"minecraft:crafted":{"minecraft:oak_slab":64,"minecraft:oak_planks":26,"minecraft:wooden_shovel":1,"minecraft:stone_shovel":1,"exdeorum:oak_barrel":1,"minecraft:crafting_table":2,"pickletweaks:flint_shears":1,"minecraft:cobbled_deepslate":10,"minecraft:furnace":1,"exdeorum:compressed_stone_hammer":1,"minecraft:bone_meal":2,"crafting_on_a_stick:crafting_table":1,"allthecompressed:cobblestone_1x":4,"allthecompressed:cobbled_deepslate_1x":1,"minecraft:diorite":3,"minecraft:air":255,"exdeorum:crook":1,"minecraft:granite":1,"minecraft:basalt":3,"minecraft:cobblestone":29,"exdeorum:flint_mesh":1,"constructionwand:stone_wand":2,"minecraft:stick":4,"minecraft:blackstone":1,"minecraft:chest":2,"minecraft:andesite":3,"exdeorum:stone_hammer":10}},"DataVersion":3465}