{"stats":{"minecraft:broken":{"constructionwand:stone_wand":1},"minecraft:mined":{"minecraft:oak_slab":1,"minecraft:oak_sapling":2,"minecraft:farmland":1,"exdeorum:infested_leaves":30,"minecraft:torch":1,"allthecompressed:gravel_1x":1,"minecraft:chest":1,"minecraft:cobblestone":2,"allthecompressed:sand_1x":1,"exdeorum:compressed_dust":1,"minecraft:oak_log":5,"exdeorum:oak_barrel":1,"minecraft:sand":1,"minecraft:gravel":93,"minecraft:dirt":1,"exdeorum:oak_sieve":1,"allthecompressed:cobblestone_1x":4,"minecraft:oak_leaves":110},"minecraft:picked_up":{"exdeorum:gold_ore_chunk":2,"exdeorum:osmium_ore_chunk":1,"minecraft:wheat":2,"exdeorum:basalt_pebble":25,"exdeorum:dust":9,"minecraft:flint":7,"exdeorum:iron_ore_chunk":3,"minecraft:oak_log":30,"exdeorum:blackstone_pebble":25,"minecraft:dirt":1,"minecraft:string":1,"exdeorum:granite_pebble":31,"exdeorum:string_mesh":2,"ae2:sky_dust":1,"minecraft:apple":1,"minecraft:wheat_seeds":3,"exdeorum:stone_pebble":126,"exdeorum:oak_sieve":1,"minecraft:chest":1,"exdeorum:compressed_dust":1,"minecraft:stick":12,"exdeorum:deepslate_pebble":25,"exdeorum:lead_ore_chunk":2,"xycraft_world:xychorium_gem_red":1,"exdeorum:tuff_pebble":1,"minecraft:gravel":125,"exdeorum:flint_mesh":1,"minecraft:sand":10,"minecraft:pointed_dripstone":1,"exdeorum:wooden_watering_can":1,"exdeorum:silk_worm":2,"exdeorum:calcite_pebble":1,"exdeorum:aluminum_ore_chunk":2,"ae2:certus_quartz_dust":1,"exdeorum:diorite_pebble":23,"exdeorum:copper_ore_chunk":1,"minecraft:bone_meal":2,"exdeorum:andesite_pebble":17,"minecraft:oak_sapling":14,"minecraft:coal":1,"exdeorum:crushed_deepslate":1,"minecraft:oak_leaves":57},"minecraft:dropped":{"exdeorum:iron_ore_chunk":1,"exdeorum:silk_worm":2,"exdeorum:aluminum_ore_chunk":1,"minecraft:wooden_shovel":1,"minecraft:oak_sapling":3,"exdeorum:granite_pebble":7,"minecraft:string":1,"ftbquests:book":1,"minecraft:oak_leaves":57},"minecraft:custom":{"minecraft:interact_with_furnace":10,"minecraft:interact_with_crafting_table":2,"minecraft:time_since_death":44628,"minecraft:time_since_rest":44628,"minecraft:walk_one_cm":52918,"minecraft:sprint_one_cm":4075,"minecraft:damage_taken":66,"minecraft:drop":10,"minecraft:use_wand":139,"minecraft:damage_dealt":30,"minecraft:fly_one_cm":770,"minecraft:open_chest":55,"minecraft:crouch_one_cm":18683,"minecraft:play_time":44628,"minecraft:sneak_time":4535,"minecraft:jump":107,"minecraft:total_world_time":44628,"minecraft:fall_one_cm":209},"minecraft:used":{"exdeorum:oak_sieve":1,"minecraft:wheat_seeds":1,"minecraft:stone_shovel":37,"minecraft:chest":3,"exdeorum:crook":82,"allthecompressed:cobblestone_1x":4,"minecraft:wooden_shovel":57,"minecraft:dirt":1,"minecraft:sand":1,"minecraft:oak_slab":108,"minecraft:crafting_table":1,"constructionwand:stone_wand":24,"exdeorum:compressed_dust":1,"minecraft:wooden_hoe":1,"minecraft:wooden_axe":40,"exdeorum:oak_barrel":1,"allthecompressed:sand_1x":1,"allthecompressed:gravel_1x":1,"minecraft:gravel":94,"minecraft:cobblestone":2,"exdeorum:stone_hammer":2,"minecraft:furnace":1,"minecraft:oak_sapling":7,"exdeorum:compressed_stone_hammer":7,"minecraft:cooked_beef":1,"minecraft:cobbled_deepslate":1,"minecraft:bone_meal":8},"minecraft:crafted":{"minecraft:oak_slab":70,"minecraft:oak_planks":26,"minecraft:wooden_shovel":1,"minecraft:stone_shovel":1,"minecraft:barrel":1,"exdeorum:oak_barrel":1,"minecraft:crafting_table":2,"pickletweaks:flint_shears":1,"minecraft:cobbled_deepslate":10,"minecraft:furnace":1,"croptopia:toast":2,"exdeorum:compressed_stone_hammer":1,"minecraft:bone_meal":2,"crafting_on_a_stick:crafting_table":1,"allthecompressed:cobblestone_1x":4,"allthecompressed:cobbled_deepslate_1x":1,"minecraft:diorite":3,"minecraft:air":266,"exdeorum:crook":1,"minecraft:granite":1,"minecraft:basalt":3,"minecraft:charcoal":3,"minecraft:wooden_hoe":1,"minecraft:cobblestone":29,"exdeorum:flint_mesh":1,"constructionwand:stone_wand":2,"minecraft:stick":4,"minecraft:blackstone":1,"allthecompressed:sand_1x":1,"minecraft:chest":2,"exdeorum:dust":1,"exdeorum:compressed_dust":1,"minecraft:andesite":3,"exdeorum:stone_hammer":10}},"DataVersion":3465}