{"stats":{"minecraft:killed":{"minecraft:phantom":8},"minecraft:used":{"minecraft:chest":8,"exdeorum:crook":384,"allthecompressed:cobblestone_1x":253,"minecraft:torch":3,"minecraft:dirt":16,"exdeorum:silk_worm":7,"allthecompressed:cobblestone_2x":1,"exdeorum:porcelain_crucible":1,"allthecompressed:diorite_1x":1,"cobblefordays:tier_1":1,"exdeorum:stone_hammer":29,"minecraft:oak_sapling":51,"exdeorum:oak_sieve":10,"minecraft:water_bucket":4,"minecraft:diorite":7,"minecraft:iron_ore":17,"minecraft:stone_pickaxe":46,"minecraft:oak_planks":1,"minecraft:clay":5,"minecraft:gold_ore":11,"minecraft:sand":13,"minecraft:oak_slab":77,"minecraft:crafting_table":3,"croptopia:scrambled_eggs":2,"exdeorum:dust":17,"minecraft:wooden_hoe":4,"exdeorum:oak_barrel":2,"allthecompressed:sand_1x":4,"allthecompressed:gravel_1x":1,"minecraft:gravel":11,"minecraft:stone_axe":247,"croptopia:toast":6,"exdeorum:oak_crucible":2,"minecraft:cobblestone":17,"minecraft:bucket":14,"minecraft:andesite":3,"exdeorum:compressed_stone_hammer":257,"minecraft:coarse_dirt":117,"minecraft:bone_meal":1},"minecraft:crafted":{"minecraft:coarse_dirt":29,"minecraft:oak_planks":98,"minecraft:cobbled_deepslate":9,"minecraft:sand":1,"croptopia:toast":0,"exdeorum:unfired_porcelain_crucible":1,"allthecompressed:cobblestone_1x":254,"allthecompressed:gravel_1x":52,"minecraft:basalt":17,"minecraft:glass":1,"exdeorum:string_mesh":1,"allthecompressed:sand_1x":1,"minecraft:stone_pickaxe":1,"allthecompressed:diorite_1x":1,"minecraft:chest":2,"exdeorum:stone_hammer":19,"exdeorum:porcelain_crucible":1,"minecraft:oak_slab":31,"alltheores:osmium_ingot":0,"minecraft:crafting_table":3,"minecraft:gold_ore":11,"pickletweaks:flint_shears":3,"minecraft:gravel":2,"exdeorum:compressed_stone_hammer":2,"minecraft:bucket":1,"minecraft:stone_axe":3,"minecraft:diorite":11,"cobblefordays:tier_1":1,"minecraft:air":1265,"exdeorum:crook":4,"exdeorum:oak_crucible":2,"exdeorum:porcelain_clay_ball":8,"minecraft:cobblestone":124,"exdeorum:flint_mesh":8,"minecraft:stick":15,"minecraft:iron_ingot":3,"minecraft:blackstone":5,"minecraft:iron_ore":17,"allthecompressed:cobblestone_2x":1,"exdeorum:oak_sieve":1,"minecraft:andesite":11},"minecraft:dropped":{"exdeorum:basalt_pebble":3,"minecraft:clay":1,"minecraft:oak_slab":101,"exdeorum:deepslate_pebble":4,"pickletweaks:flint_shears":1,"exdeorum:copper_ore_chunk":1,"exdeorum:iron_ore_chunk":2,"exdeorum:osmium_ore_chunk":1,"minecraft:coal":2,"minecraft:flint":2,"exdeorum:gold_ore_chunk":2,"exdeorum:dust":10,"exdeorum:compressed_stone_hammer":2,"exdeorum:tuff_pebble":1,"exdeorum:calcite_pebble":2,"minecraft:sand":13,"exdeorum:wooden_watering_can":1,"exdeorum:stone_pebble":1,"exdeorum:lead_ore_chunk":2,"minecraft:gravel":226,"minecraft:pointed_dripstone":1,"minecraft:oak_planks":128,"xycraft_world:xychorium_gem_red":1,"exdeorum:aluminum_ore_chunk":1,"exdeorum:diorite_pebble":1,"exdeorum:andesite_pebble":1,"minecraft:oak_leaves":1},"minecraft:custom":{"minecraft:mob_kills":8,"minecraft:interact_with_crafting_table":55,"minecraft:open_barrel":26,"minecraft:leave_game":5,"minecraft:time_since_death":158538,"minecraft:sprint_one_cm":54323,"minecraft:walk_one_cm":276994,"minecraft:drop":101,"minecraft:talked_to_villager":3,"minecraft:play_time":164452,"minecraft:deaths":1,"minecraft:sneak_time":9398,"minecraft:jump":546,"minecraft:walk_on_water_one_cm":2402,"minecraft:total_world_time":164452,"minecraft:interact_with_furnace":16,"tombstone:raider_killed":8,"minecraft:sleep_in_bed":2,"minecraft:time_since_rest":26931,"minecraft:damage_taken":970,"minecraft:damage_dealt":1786,"minecraft:fly_one_cm":17456,"minecraft:open_chest":303,"minecraft:crouch_one_cm":10838,"tombstone:undead_killed":8,"minecraft:fall_one_cm":162836},"minecraft:picked_up":{"exdeorum:gold_ore_chunk":52,"minecraft:crafting_table":1,"minecraft:coarse_dirt":1,"minecraft:wheat":1,"exdeorum:dust":49,"allthecompressed:cobblestone_2x":1,"minecraft:clay_ball":20,"create:wrench":1,"exdeorum:iron_ore_chunk":175,"exdeorum:oak_barrel":2,"exdeorum:blackstone_pebble":83,"minecraft:string":64,"exdeorum:string_mesh":8,"exdeorum:granite_pebble":85,"exdeorum:zinc_ore_chunk":58,"minecraft:iron_nugget":1,"exdeorum:compressed_stone_hammer":1,"allthecompressed:cobblestone_1x":3,"minecraft:chest":6,"minecraft:phantom_membrane":3,"minecraft:stick":48,"minecraft:raw_iron":3,"minecraft:torch":1,"exdeorum:tuff_pebble":1,"minecraft:pointed_dripstone":158,"minecraft:diorite":4,"minecraft:redstone":2,"exdeorum:silk_worm":10,"minecraft:cactus":1,"xycraft_world:xychorium_gem_blue":4,"ae2:certus_quartz_dust":5,"exdeorum:diorite_pebble":81,"exdeorum:tin_ore_chunk":90,"everlastingabilities:ability_bottle":1,"exdeorum:andesite_pebble":83,"minecraft:cobblestone":1050,"exdeorum:osmium_ore_chunk":50,"exdeorum:basalt_pebble":85,"minecraft:basalt":1,"minecraft:andesite":3,"enderio:grains_of_infinity":4,"minecraft:flint":290,"minecraft:oak_log":267,"minecraft:gunpowder":13,"exdeorum:nickel_ore_chunk":79,"minecraft:lapis_lazuli":72,"minecraft:dirt":141,"ae2:sky_dust":7,"minecraft:apple":8,"minecraft:kelp":1,"minecraft:wheat_seeds":3,"exdeorum:oak_sieve":9,"exdeorum:stone_pebble":484,"minecraft:oak_slab":1,"allthecompressed:sand_1x":2,"exdeorum:deepslate_pebble":87,"exdeorum:lead_ore_chunk":68,"xycraft_world:xychorium_gem_red":8,"minecraft:gravel":1888,"exdeorum:flint_mesh":1,"minecraft:sand":18,"minecraft:amethyst_shard":22,"exdeorum:silver_ore_chunk":70,"xycraft_world:xychorium_gem_dark":7,"minecraft:bundle":1,"xycraft_world:xychorium_gem_light":6,"minecraft:clay":10,"exdeorum:aluminum_ore_chunk":64,"exdeorum:calcite_pebble":1,"minecraft:bone_meal":29,"exdeorum:copper_ore_chunk":132,"minecraft:oak_sapling":84,"minecraft:coal":162,"minecraft:oak_leaves":275},"minecraft:broken":{"minecraft:stone_axe":2,"exdeorum:crook":3},"minecraft:mined":{"minecraft:oak_sapling":1,"minecraft:farmland":103,"allthecompressed:cobblestone_2x":1,"allthecompressed:sand_1x":4,"allthecompressed:diorite_1x":1,"minecraft:iron_ore":3,"minecraft:cobbled_deepslate":1,"minecraft:andesite":3,"minecraft:oak_slab":14,"minecraft:blackstone":1,"exdeorum:infested_leaves":278,"minecraft:basalt":1,"minecraft:crafting_table":2,"minecraft:clay":5,"minecraft:chest":5,"minecraft:cobblestone":19,"minecraft:oak_planks":35,"minecraft:diorite":7,"minecraft:coarse_dirt":1,"exdeorum:dust":9,"minecraft:oak_log":1,"exdeorum:oak_barrel":1,"minecraft:gravel":11,"minecraft:sand":13,"minecraft:dirt":20,"allthecompressed:cobblestone_1x":223,"minecraft:oak_leaves":332}},"DataVersion":3465}