{"stats":{"minecraft:broken":{"minecraft:stone_axe":2,"exdeorum:crook":3},"minecraft:picked_up":{"exdeorum:gold_ore_chunk":38,"minecraft:crafting_table":1,"minecraft:wheat":1,"exdeorum:dust":43,"allthecompressed:cobblestone_2x":1,"minecraft:clay_ball":20,"create:wrench":1,"exdeorum:iron_ore_chunk":127,"exdeorum:oak_barrel":2,"exdeorum:blackstone_pebble":83,"minecraft:string":64,"exdeorum:string_mesh":8,"exdeorum:granite_pebble":85,"exdeorum:zinc_ore_chunk":43,"minecraft:iron_nugget":1,"minecraft:chest":5,"minecraft:phantom_membrane":3,"minecraft:stick":34,"minecraft:raw_iron":3,"minecraft:torch":1,"exdeorum:tuff_pebble":1,"minecraft:pointed_dripstone":114,"minecraft:diorite":4,"minecraft:redstone":1,"exdeorum:silk_worm":10,"minecraft:cactus":1,"ae2:certus_quartz_dust":1,"exdeorum:diorite_pebble":81,"exdeorum:tin_ore_chunk":71,"everlastingabilities:ability_bottle":1,"exdeorum:andesite_pebble":83,"minecraft:cobblestone":1045,"exdeorum:osmium_ore_chunk":37,"exdeorum:basalt_pebble":85,"minecraft:basalt":1,"minecraft:andesite":3,"minecraft:flint":200,"minecraft:oak_log":208,"exdeorum:nickel_ore_chunk":56,"minecraft:lapis_lazuli":51,"minecraft:dirt":38,"minecraft:apple":7,"minecraft:kelp":1,"minecraft:wheat_seeds":3,"exdeorum:oak_sieve":9,"exdeorum:stone_pebble":484,"minecraft:oak_slab":1,"allthecompressed:sand_1x":2,"exdeorum:deepslate_pebble":87,"exdeorum:lead_ore_chunk":45,"xycraft_world:xychorium_gem_red":2,"minecraft:gravel":1160,"exdeorum:flint_mesh":1,"minecraft:sand":18,"minecraft:amethyst_shard":13,"exdeorum:silver_ore_chunk":49,"xycraft_world:xychorium_gem_dark":1,"minecraft:bundle":1,"minecraft:clay":10,"exdeorum:aluminum_ore_chunk":42,"exdeorum:calcite_pebble":1,"minecraft:bone_meal":10,"exdeorum:copper_ore_chunk":100,"minecraft:oak_sapling":70,"minecraft:coal":108,"minecraft:oak_leaves":275},"minecraft:used":{"minecraft:chest":7,"exdeorum:crook":384,"allthecompressed:cobblestone_1x":145,"minecraft:torch":3,"minecraft:dirt":14,"exdeorum:silk_worm":7,"allthecompressed:cobblestone_2x":1,"exdeorum:porcelain_crucible":1,"allthecompressed:diorite_1x":1,"cobblefordays:tier_1":1,"exdeorum:stone_hammer":29,"minecraft:oak_sapling":48,"exdeorum:oak_sieve":10,"minecraft:water_bucket":4,"minecraft:diorite":7,"minecraft:iron_ore":3,"minecraft:stone_pickaxe":22,"minecraft:oak_planks":1,"minecraft:clay":5,"minecraft:sand":13,"minecraft:oak_slab":33,"minecraft:crafting_table":3,"croptopia:scrambled_eggs":2,"exdeorum:dust":11,"minecraft:wooden_hoe":4,"exdeorum:oak_barrel":2,"allthecompressed:sand_1x":4,"allthecompressed:gravel_1x":1,"minecraft:gravel":11,"minecraft:stone_axe":180,"croptopia:toast":2,"exdeorum:oak_crucible":2,"minecraft:cobblestone":11,"minecraft:andesite":3,"minecraft:bucket":14,"exdeorum:compressed_stone_hammer":128,"minecraft:coarse_dirt":20,"minecraft:bone_meal":1},"minecraft:mined":{"minecraft:oak_sapling":1,"minecraft:farmland":12,"allthecompressed:cobblestone_2x":1,"allthecompressed:sand_1x":4,"allthecompressed:diorite_1x":1,"minecraft:iron_ore":3,"minecraft:cobbled_deepslate":1,"minecraft:andesite":3,"minecraft:oak_slab":1,"minecraft:blackstone":1,"exdeorum:infested_leaves":278,"minecraft:basalt":1,"minecraft:clay":5,"minecraft:crafting_table":2,"minecraft:chest":4,"minecraft:cobblestone":13,"minecraft:diorite":7,"exdeorum:dust":3,"minecraft:oak_log":1,"exdeorum:oak_barrel":1,"minecraft:sand":13,"minecraft:gravel":11,"minecraft:dirt":14,"allthecompressed:cobblestone_1x":124,"minecraft:oak_leaves":332},"minecraft:crafted":{"minecraft:coarse_dirt":5,"minecraft:oak_planks":92,"minecraft:cobbled_deepslate":9,"minecraft:sand":1,"exdeorum:unfired_porcelain_crucible":1,"allthecompressed:cobblestone_1x":146,"minecraft:basalt":17,"minecraft:glass":1,"exdeorum:string_mesh":1,"allthecompressed:sand_1x":1,"minecraft:stone_pickaxe":1,"allthecompressed:diorite_1x":1,"minecraft:chest":2,"exdeorum:stone_hammer":10,"exdeorum:porcelain_crucible":1,"minecraft:oak_slab":23,"minecraft:crafting_table":3,"pickletweaks:flint_shears":3,"minecraft:gravel":2,"exdeorum:compressed_stone_hammer":1,"minecraft:bucket":1,"minecraft:stone_axe":2,"minecraft:diorite":11,"cobblefordays:tier_1":1,"minecraft:air":874,"exdeorum:crook":4,"exdeorum:oak_crucible":2,"exdeorum:porcelain_clay_ball":8,"minecraft:cobblestone":121,"exdeorum:flint_mesh":8,"minecraft:stick":15,"minecraft:iron_ingot":3,"minecraft:blackstone":5,"allthecompressed:cobblestone_2x":1,"minecraft:iron_ore":3,"exdeorum:oak_sieve":1,"minecraft:andesite":11},"minecraft:killed":{"minecraft:phantom":6},"minecraft:custom":{"minecraft:mob_kills":6,"minecraft:interact_with_crafting_table":45,"minecraft:open_barrel":6,"minecraft:leave_game":3,"minecraft:time_since_death":129219,"minecraft:sprint_one_cm":34777,"minecraft:walk_one_cm":216283,"minecraft:drop":99,"minecraft:talked_to_villager":1,"minecraft:play_time":135133,"minecraft:deaths":1,"minecraft:sneak_time":7824,"minecraft:jump":450,"minecraft:walk_on_water_one_cm":225,"minecraft:total_world_time":135133,"minecraft:interact_with_furnace":9,"tombstone:raider_killed":6,"minecraft:time_since_rest":129087,"minecraft:damage_taken":840,"minecraft:damage_dealt":1265,"minecraft:fly_one_cm":11077,"minecraft:open_chest":253,"minecraft:crouch_one_cm":8900,"tombstone:undead_killed":6,"minecraft:fall_one_cm":162418},"minecraft:dropped":{"exdeorum:basalt_pebble":3,"minecraft:clay":1,"minecraft:oak_slab":101,"exdeorum:deepslate_pebble":4,"pickletweaks:flint_shears":1,"exdeorum:copper_ore_chunk":1,"exdeorum:iron_ore_chunk":2,"exdeorum:osmium_ore_chunk":1,"minecraft:coal":2,"minecraft:flint":2,"exdeorum:gold_ore_chunk":2,"exdeorum:dust":10,"exdeorum:tuff_pebble":1,"exdeorum:calcite_pebble":2,"minecraft:sand":13,"exdeorum:wooden_watering_can":1,"exdeorum:stone_pebble":1,"exdeorum:lead_ore_chunk":2,"minecraft:gravel":226,"minecraft:pointed_dripstone":1,"minecraft:oak_planks":128,"xycraft_world:xychorium_gem_red":1,"exdeorum:aluminum_ore_chunk":1,"exdeorum:diorite_pebble":1,"exdeorum:andesite_pebble":1,"minecraft:oak_leaves":1}},"DataVersion":3465}