{"stats":{"minecraft:broken":{"exdeorum:crook":2},"minecraft:mined":{"minecraft:oak_slab":1,"minecraft:blackstone":1,"exdeorum:infested_leaves":150,"minecraft:basalt":1,"minecraft:crafting_table":1,"minecraft:cobblestone":9,"minecraft:diorite":7,"allthecompressed:sand_1x":1,"allthecompressed:diorite_1x":1,"minecraft:iron_ore":3,"minecraft:cobbled_deepslate":1,"exdeorum:dust":1,"minecraft:gravel":4,"minecraft:sand":13,"minecraft:dirt":1,"allthecompressed:cobblestone_1x":3,"minecraft:oak_leaves":108},"minecraft:picked_up":{"exdeorum:gold_ore_chunk":3,"exdeorum:osmium_ore_chunk":1,"minecraft:crafting_table":1,"minecraft:wheat":1,"exdeorum:basalt_pebble":85,"minecraft:basalt":1,"exdeorum:dust":22,"create:wrench":1,"exdeorum:iron_ore_chunk":9,"minecraft:flint":8,"minecraft:oak_log":38,"exdeorum:oak_barrel":1,"minecraft:lapis_lazuli":1,"exdeorum:blackstone_pebble":83,"minecraft:dirt":2,"minecraft:string":64,"exdeorum:granite_pebble":85,"minecraft:apple":4,"minecraft:kelp":1,"minecraft:wheat_seeds":3,"exdeorum:stone_pebble":484,"exdeorum:zinc_ore_chunk":1,"minecraft:iron_nugget":1,"minecraft:raw_iron":3,"minecraft:oak_slab":1,"minecraft:stick":17,"allthecompressed:sand_1x":1,"exdeorum:deepslate_pebble":87,"exdeorum:lead_ore_chunk":4,"xycraft_world:xychorium_gem_red":2,"minecraft:torch":1,"exdeorum:tuff_pebble":1,"minecraft:gravel":65,"minecraft:sand":17,"minecraft:pointed_dripstone":1,"minecraft:diorite":4,"minecraft:redstone":1,"exdeorum:silver_ore_chunk":1,"xycraft_world:xychorium_gem_dark":1,"exdeorum:silk_worm":7,"minecraft:cactus":1,"exdeorum:aluminum_ore_chunk":2,"exdeorum:diorite_pebble":81,"ae2:certus_quartz_dust":1,"exdeorum:calcite_pebble":1,"exdeorum:tin_ore_chunk":2,"everlastingabilities:ability_bottle":1,"minecraft:bone_meal":2,"exdeorum:andesite_pebble":82,"exdeorum:copper_ore_chunk":2,"minecraft:oak_sapling":27,"minecraft:coal":2,"minecraft:oak_leaves":58,"minecraft:cobblestone":6},"minecraft:dropped":{"exdeorum:basalt_pebble":2,"exdeorum:deepslate_pebble":1,"exdeorum:copper_ore_chunk":1,"minecraft:pointed_dripstone":1,"exdeorum:iron_ore_chunk":2,"exdeorum:osmium_ore_chunk":1,"minecraft:coal":2,"exdeorum:gold_ore_chunk":2,"minecraft:flint":2,"xycraft_world:xychorium_gem_red":1,"exdeorum:dust":9,"exdeorum:aluminum_ore_chunk":1,"exdeorum:tuff_pebble":1,"exdeorum:calcite_pebble":1,"minecraft:sand":13,"exdeorum:wooden_watering_can":1,"exdeorum:stone_pebble":1,"minecraft:oak_leaves":1,"exdeorum:lead_ore_chunk":2,"minecraft:gravel":34},"minecraft:custom":{"minecraft:interact_with_furnace":4,"minecraft:interact_with_crafting_table":20,"minecraft:leave_game":1,"minecraft:time_since_death":63067,"minecraft:time_since_rest":62935,"minecraft:walk_one_cm":72230,"minecraft:sprint_one_cm":2562,"minecraft:damage_taken":420,"minecraft:drop":44,"minecraft:damage_dealt":66,"minecraft:fly_one_cm":80,"minecraft:open_chest":124,"minecraft:crouch_one_cm":4473,"minecraft:play_time":68981,"minecraft:deaths":1,"minecraft:sneak_time":5533,"minecraft:jump":145,"minecraft:walk_on_water_one_cm":225,"minecraft:total_world_time":68981,"minecraft:fall_one_cm":159256},"minecraft:used":{"exdeorum:oak_sieve":1,"minecraft:water_bucket":1,"minecraft:diorite":7,"minecraft:stone_pickaxe":14,"minecraft:chest":4,"allthecompressed:cobblestone_1x":3,"exdeorum:crook":256,"minecraft:torch":1,"minecraft:dirt":2,"minecraft:sand":13,"minecraft:oak_slab":1,"minecraft:crafting_table":2,"croptopia:scrambled_eggs":1,"exdeorum:silk_worm":5,"exdeorum:dust":6,"exdeorum:oak_barrel":1,"allthecompressed:sand_1x":1,"minecraft:gravel":4,"minecraft:stone_axe":35,"allthecompressed:diorite_1x":1,"exdeorum:oak_crucible":2,"minecraft:cobblestone":10,"exdeorum:stone_hammer":26,"minecraft:oak_sapling":8,"exdeorum:compressed_stone_hammer":5,"minecraft:bone_meal":1},"minecraft:crafted":{"minecraft:oak_planks":20,"minecraft:crafting_table":2,"minecraft:cobbled_deepslate":9,"minecraft:gravel":1,"minecraft:sand":1,"exdeorum:compressed_stone_hammer":1,"minecraft:bucket":1,"allthecompressed:cobblestone_1x":3,"minecraft:stone_axe":1,"minecraft:diorite":11,"minecraft:air":308,"exdeorum:crook":2,"exdeorum:oak_crucible":2,"minecraft:basalt":17,"minecraft:cobblestone":121,"exdeorum:string_mesh":1,"minecraft:stick":13,"minecraft:iron_ingot":3,"minecraft:blackstone":5,"minecraft:stone_pickaxe":1,"allthecompressed:diorite_1x":1,"minecraft:chest":2,"exdeorum:oak_sieve":1,"minecraft:andesite":11,"exdeorum:stone_hammer":10}},"DataVersion":3465}