{"stats":{"minecraft:mined":{"minecraft:oak_slab":1,"exdeorum:infested_leaves":22,"exdeorum:dust":1,"minecraft:crafting_table":1,"minecraft:sand":3,"minecraft:gravel":3,"minecraft:cobblestone":3,"minecraft:oak_leaves":60},"minecraft:picked_up":{"minecraft:crafting_table":1,"minecraft:oak_slab":1,"minecraft:stick":9,"exdeorum:deepslate_pebble":24,"exdeorum:basalt_pebble":29,"exdeorum:dust":4,"minecraft:torch":1,"minecraft:gravel":4,"minecraft:sand":2,"minecraft:oak_log":16,"exdeorum:oak_barrel":1,"minecraft:string":10,"exdeorum:blackstone_pebble":21,"exdeorum:granite_pebble":29,"exdeorum:silk_worm":3,"minecraft:apple":2,"exdeorum:diorite_pebble":25,"exdeorum:stone_pebble":163,"everlastingabilities:ability_bottle":1,"exdeorum:andesite_pebble":25,"minecraft:oak_sapling":19},"minecraft:custom":{"minecraft:time_since_rest":14935,"minecraft:sprint_one_cm":297,"minecraft:damage_taken":410,"minecraft:walk_one_cm":18886,"minecraft:damage_dealt":66,"minecraft:interact_with_crafting_table":9,"minecraft:fly_one_cm":80,"minecraft:open_chest":5,"minecraft:crouch_one_cm":3005,"minecraft:play_time":20981,"minecraft:deaths":1,"minecraft:sneak_time":2139,"minecraft:jump":24,"minecraft:time_since_death":15067,"minecraft:leave_game":1,"minecraft:total_world_time":20981,"minecraft:fall_one_cm":159256},"minecraft:used":{"exdeorum:oak_barrel":1,"exdeorum:dust":1,"minecraft:chest":2,"exdeorum:crook":80,"minecraft:gravel":3,"minecraft:stone_axe":13,"minecraft:torch":1,"minecraft:sand":2,"minecraft:cobblestone":3,"minecraft:oak_slab":1,"exdeorum:stone_hammer":10,"minecraft:crafting_table":2,"minecraft:oak_sapling":4,"exdeorum:silk_worm":3,"exdeorum:oak_sieve":1},"minecraft:crafted":{"minecraft:basalt":7,"minecraft:oak_planks":16,"minecraft:cobblestone":40,"exdeorum:string_mesh":1,"minecraft:crafting_table":2,"minecraft:stick":5,"minecraft:blackstone":5,"minecraft:stone_pickaxe":1,"minecraft:chest":2,"exdeorum:oak_sieve":1,"exdeorum:stone_hammer":1,"minecraft:stone_axe":1,"minecraft:diorite":1,"minecraft:air":124,"exdeorum:crook":1}},"DataVersion":3465}