{"stats":{"minecraft:broken":{"exdeorum:crook":1},"minecraft:mined":{"minecraft:oak_slab":1,"exdeorum:infested_leaves":22,"minecraft:crafting_table":1,"minecraft:cobblestone":3,"allthecompressed:sand_1x":1,"minecraft:cobbled_deepslate":1,"exdeorum:dust":1,"minecraft:gravel":3,"minecraft:sand":13,"minecraft:dirt":1,"minecraft:oak_leaves":108},"minecraft:picked_up":{"exdeorum:gold_ore_chunk":2,"exdeorum:osmium_ore_chunk":1,"minecraft:crafting_table":1,"minecraft:wheat":1,"exdeorum:basalt_pebble":31,"exdeorum:dust":22,"exdeorum:iron_ore_chunk":3,"minecraft:flint":4,"minecraft:oak_log":26,"exdeorum:oak_barrel":1,"exdeorum:blackstone_pebble":23,"minecraft:dirt":2,"minecraft:string":23,"exdeorum:granite_pebble":29,"minecraft:apple":4,"minecraft:kelp":1,"minecraft:wheat_seeds":3,"exdeorum:stone_pebble":168,"minecraft:iron_nugget":1,"minecraft:oak_slab":1,"minecraft:stick":16,"allthecompressed:sand_1x":1,"exdeorum:deepslate_pebble":26,"exdeorum:lead_ore_chunk":2,"xycraft_world:xychorium_gem_red":2,"minecraft:torch":1,"exdeorum:tuff_pebble":1,"minecraft:gravel":4,"minecraft:sand":17,"minecraft:pointed_dripstone":1,"minecraft:redstone":1,"xycraft_world:xychorium_gem_dark":1,"exdeorum:silk_worm":4,"minecraft:cactus":1,"exdeorum:aluminum_ore_chunk":2,"exdeorum:diorite_pebble":25,"ae2:certus_quartz_dust":1,"exdeorum:calcite_pebble":1,"everlastingabilities:ability_bottle":1,"minecraft:bone_meal":2,"exdeorum:andesite_pebble":25,"exdeorum:copper_ore_chunk":1,"minecraft:oak_sapling":27,"minecraft:coal":1,"minecraft:oak_leaves":57},"minecraft:dropped":{"exdeorum:basalt_pebble":2,"exdeorum:deepslate_pebble":1,"exdeorum:copper_ore_chunk":1,"minecraft:pointed_dripstone":1,"exdeorum:iron_ore_chunk":2,"exdeorum:osmium_ore_chunk":1,"minecraft:coal":1,"exdeorum:gold_ore_chunk":2,"minecraft:flint":2,"xycraft_world:xychorium_gem_red":1,"exdeorum:dust":9,"exdeorum:aluminum_ore_chunk":1,"exdeorum:tuff_pebble":1,"exdeorum:calcite_pebble":1,"minecraft:sand":13,"exdeorum:wooden_watering_can":1,"exdeorum:lead_ore_chunk":2},"minecraft:custom":{"minecraft:interact_with_furnace":1,"minecraft:interact_with_crafting_table":12,"minecraft:leave_game":1,"minecraft:time_since_death":39067,"minecraft:time_since_rest":38935,"minecraft:walk_one_cm":39152,"minecraft:sprint_one_cm":435,"minecraft:damage_taken":410,"minecraft:drop":27,"minecraft:damage_dealt":66,"minecraft:fly_one_cm":80,"minecraft:open_chest":55,"minecraft:crouch_one_cm":3005,"minecraft:play_time":44981,"minecraft:deaths":1,"minecraft:sneak_time":2239,"minecraft:jump":55,"minecraft:total_world_time":44981,"minecraft:fall_one_cm":159256},"minecraft:used":{"exdeorum:oak_sieve":1,"minecraft:chest":2,"exdeorum:crook":128,"minecraft:torch":1,"minecraft:dirt":2,"minecraft:sand":13,"minecraft:oak_slab":1,"minecraft:crafting_table":2,"exdeorum:silk_worm":4,"exdeorum:dust":1,"exdeorum:oak_barrel":1,"allthecompressed:sand_1x":1,"minecraft:gravel":3,"minecraft:stone_axe":23,"exdeorum:oak_crucible":1,"minecraft:cobblestone":3,"exdeorum:stone_hammer":21,"minecraft:oak_sapling":6,"minecraft:bone_meal":1},"minecraft:crafted":{"minecraft:oak_planks":16,"minecraft:crafting_table":2,"minecraft:gravel":1,"minecraft:sand":1,"minecraft:stone_axe":1,"minecraft:diorite":1,"minecraft:air":142,"exdeorum:crook":1,"exdeorum:oak_crucible":1,"minecraft:basalt":7,"minecraft:cobblestone":40,"exdeorum:string_mesh":1,"minecraft:stick":5,"minecraft:blackstone":5,"minecraft:stone_pickaxe":1,"minecraft:chest":2,"exdeorum:oak_sieve":1,"exdeorum:stone_hammer":1}},"DataVersion":3465}