{"stats":{"minecraft:broken":{"minecraft:stone_axe":1,"exdeorum:crook":3},"minecraft:picked_up":{"exdeorum:gold_ore_chunk":5,"minecraft:crafting_table":1,"minecraft:wheat":1,"exdeorum:dust":43,"minecraft:clay_ball":20,"create:wrench":1,"exdeorum:iron_ore_chunk":22,"exdeorum:oak_barrel":2,"exdeorum:blackstone_pebble":83,"minecraft:string":64,"exdeorum:granite_pebble":85,"exdeorum:zinc_ore_chunk":2,"minecraft:iron_nugget":1,"minecraft:chest":3,"minecraft:phantom_membrane":3,"minecraft:stick":27,"minecraft:raw_iron":3,"minecraft:torch":1,"exdeorum:tuff_pebble":1,"minecraft:pointed_dripstone":1,"minecraft:diorite":4,"minecraft:redstone":1,"exdeorum:silk_worm":10,"minecraft:cactus":1,"ae2:certus_quartz_dust":1,"exdeorum:diorite_pebble":81,"exdeorum:tin_ore_chunk":8,"everlastingabilities:ability_bottle":1,"exdeorum:andesite_pebble":83,"minecraft:cobblestone":6,"exdeorum:osmium_ore_chunk":3,"exdeorum:basalt_pebble":85,"minecraft:basalt":1,"minecraft:andesite":3,"minecraft:flint":26,"minecraft:oak_log":96,"exdeorum:nickel_ore_chunk":6,"minecraft:lapis_lazuli":5,"minecraft:dirt":37,"minecraft:apple":6,"minecraft:kelp":1,"minecraft:wheat_seeds":3,"exdeorum:stone_pebble":484,"minecraft:oak_slab":1,"allthecompressed:sand_1x":2,"exdeorum:deepslate_pebble":87,"exdeorum:lead_ore_chunk":12,"xycraft_world:xychorium_gem_red":2,"minecraft:gravel":219,"minecraft:sand":18,"exdeorum:silver_ore_chunk":6,"xycraft_world:xychorium_gem_dark":1,"minecraft:bundle":1,"minecraft:clay":10,"exdeorum:aluminum_ore_chunk":7,"exdeorum:calcite_pebble":1,"minecraft:bone_meal":10,"exdeorum:copper_ore_chunk":11,"minecraft:oak_sapling":46,"minecraft:coal":14,"minecraft:oak_leaves":113},"minecraft:used":{"minecraft:chest":7,"exdeorum:crook":384,"allthecompressed:cobblestone_1x":20,"minecraft:torch":2,"minecraft:dirt":14,"exdeorum:silk_worm":7,"exdeorum:porcelain_crucible":1,"allthecompressed:diorite_1x":1,"cobblefordays:tier_1":1,"exdeorum:stone_hammer":29,"minecraft:oak_sapling":18,"exdeorum:oak_sieve":1,"minecraft:water_bucket":4,"minecraft:diorite":7,"minecraft:stone_pickaxe":17,"minecraft:clay":5,"minecraft:sand":13,"minecraft:oak_slab":2,"minecraft:crafting_table":2,"croptopia:scrambled_eggs":1,"exdeorum:dust":11,"minecraft:wooden_hoe":4,"exdeorum:oak_barrel":2,"allthecompressed:sand_1x":4,"allthecompressed:gravel_1x":1,"minecraft:gravel":6,"minecraft:stone_axe":102,"croptopia:toast":1,"exdeorum:oak_crucible":2,"minecraft:cobblestone":10,"minecraft:andesite":3,"minecraft:bucket":14,"exdeorum:compressed_stone_hammer":24,"minecraft:coarse_dirt":20,"minecraft:bone_meal":1},"minecraft:mined":{"minecraft:oak_sapling":1,"minecraft:farmland":12,"allthecompressed:sand_1x":4,"allthecompressed:diorite_1x":1,"minecraft:iron_ore":3,"minecraft:cobbled_deepslate":1,"minecraft:andesite":3,"minecraft:oak_slab":1,"minecraft:blackstone":1,"exdeorum:infested_leaves":278,"minecraft:basalt":1,"minecraft:clay":5,"minecraft:crafting_table":1,"minecraft:chest":3,"minecraft:cobblestone":9,"minecraft:diorite":7,"exdeorum:dust":3,"exdeorum:oak_barrel":1,"minecraft:sand":13,"minecraft:gravel":6,"minecraft:dirt":14,"allthecompressed:cobblestone_1x":20,"minecraft:oak_leaves":168},"minecraft:crafted":{"minecraft:coarse_dirt":5,"minecraft:oak_planks":21,"minecraft:cobbled_deepslate":9,"minecraft:sand":1,"exdeorum:unfired_porcelain_crucible":1,"allthecompressed:cobblestone_1x":20,"minecraft:basalt":17,"minecraft:glass":1,"exdeorum:string_mesh":1,"allthecompressed:sand_1x":1,"minecraft:stone_pickaxe":1,"allthecompressed:diorite_1x":1,"minecraft:chest":2,"exdeorum:stone_hammer":10,"exdeorum:porcelain_crucible":1,"minecraft:oak_slab":1,"minecraft:crafting_table":2,"pickletweaks:flint_shears":1,"minecraft:gravel":2,"exdeorum:compressed_stone_hammer":1,"minecraft:bucket":1,"minecraft:stone_axe":2,"minecraft:diorite":11,"cobblefordays:tier_1":1,"minecraft:air":376,"exdeorum:crook":4,"exdeorum:oak_crucible":2,"exdeorum:porcelain_clay_ball":8,"minecraft:cobblestone":121,"minecraft:stick":15,"minecraft:iron_ingot":3,"minecraft:blackstone":5,"exdeorum:oak_sieve":1,"minecraft:andesite":11},"minecraft:killed":{"minecraft:phantom":6},"minecraft:custom":{"minecraft:mob_kills":6,"minecraft:interact_with_crafting_table":31,"minecraft:leave_game":3,"minecraft:time_since_death":105219,"minecraft:sprint_one_cm":13621,"minecraft:walk_one_cm":152084,"minecraft:drop":53,"minecraft:play_time":111133,"minecraft:deaths":1,"minecraft:sneak_time":6349,"minecraft:jump":336,"minecraft:walk_on_water_one_cm":225,"minecraft:total_world_time":111133,"minecraft:interact_with_furnace":9,"tombstone:raider_killed":6,"minecraft:time_since_rest":105087,"minecraft:damage_taken":710,"minecraft:damage_dealt":1265,"minecraft:fly_one_cm":5898,"minecraft:open_chest":206,"minecraft:crouch_one_cm":5602,"tombstone:undead_killed":6,"minecraft:fall_one_cm":161313},"minecraft:dropped":{"exdeorum:basalt_pebble":3,"minecraft:clay":1,"exdeorum:deepslate_pebble":4,"exdeorum:copper_ore_chunk":1,"exdeorum:iron_ore_chunk":2,"exdeorum:osmium_ore_chunk":1,"minecraft:coal":2,"minecraft:flint":2,"exdeorum:gold_ore_chunk":2,"exdeorum:dust":10,"exdeorum:tuff_pebble":1,"exdeorum:calcite_pebble":2,"minecraft:sand":13,"exdeorum:wooden_watering_can":1,"exdeorum:stone_pebble":1,"exdeorum:lead_ore_chunk":2,"minecraft:gravel":34,"minecraft:pointed_dripstone":1,"xycraft_world:xychorium_gem_red":1,"exdeorum:aluminum_ore_chunk":1,"exdeorum:diorite_pebble":1,"exdeorum:andesite_pebble":1,"minecraft:oak_leaves":1}},"DataVersion":3465}