{"stats":{"minecraft:mined":{"minecraft:oak_slab":1,"exdeorum:infested_leaves":22,"minecraft:crafting_table":1,"minecraft:cobblestone":3,"allthecompressed:sand_1x":1,"exdeorum:dust":1,"minecraft:gravel":3,"minecraft:sand":13,"minecraft:oak_leaves":60},"minecraft:picked_up":{"minecraft:crafting_table":1,"exdeorum:basalt_pebble":29,"exdeorum:dust":13,"exdeorum:iron_ore_chunk":1,"minecraft:flint":2,"minecraft:oak_log":22,"exdeorum:oak_barrel":1,"exdeorum:blackstone_pebble":21,"minecraft:string":23,"exdeorum:granite_pebble":29,"minecraft:apple":3,"minecraft:kelp":1,"exdeorum:stone_pebble":163,"minecraft:iron_nugget":1,"minecraft:oak_slab":1,"minecraft:stick":9,"allthecompressed:sand_1x":1,"exdeorum:deepslate_pebble":24,"xycraft_world:xychorium_gem_red":1,"minecraft:torch":1,"minecraft:gravel":4,"minecraft:sand":8,"minecraft:redstone":1,"exdeorum:silk_worm":3,"minecraft:cactus":1,"exdeorum:aluminum_ore_chunk":1,"exdeorum:diorite_pebble":25,"ae2:certus_quartz_dust":1,"everlastingabilities:ability_bottle":1,"minecraft:bone_meal":1,"exdeorum:andesite_pebble":25,"minecraft:oak_sapling":20,"minecraft:oak_leaves":57},"minecraft:dropped":{"xycraft_world:xychorium_gem_red":1,"minecraft:sand":4,"exdeorum:wooden_watering_can":1},"minecraft:custom":{"minecraft:interact_with_crafting_table":12,"minecraft:leave_game":1,"minecraft:time_since_death":27067,"minecraft:time_since_rest":26935,"minecraft:walk_one_cm":32912,"minecraft:sprint_one_cm":435,"minecraft:damage_taken":410,"minecraft:drop":6,"minecraft:damage_dealt":66,"minecraft:fly_one_cm":80,"minecraft:open_chest":30,"minecraft:crouch_one_cm":3005,"minecraft:play_time":32981,"minecraft:deaths":1,"minecraft:sneak_time":2238,"minecraft:jump":41,"minecraft:total_world_time":32981,"minecraft:fall_one_cm":159256},"minecraft:used":{"exdeorum:oak_sieve":1,"minecraft:chest":2,"exdeorum:crook":80,"minecraft:torch":1,"minecraft:sand":13,"minecraft:oak_slab":1,"minecraft:crafting_table":2,"exdeorum:silk_worm":3,"exdeorum:dust":1,"exdeorum:oak_barrel":1,"allthecompressed:sand_1x":1,"minecraft:gravel":3,"minecraft:stone_axe":19,"exdeorum:oak_crucible":1,"minecraft:cobblestone":3,"exdeorum:stone_hammer":20,"minecraft:oak_sapling":5,"minecraft:bone_meal":1},"minecraft:crafted":{"minecraft:oak_planks":16,"minecraft:crafting_table":2,"minecraft:sand":1,"minecraft:stone_axe":1,"minecraft:diorite":1,"minecraft:air":133,"exdeorum:crook":1,"exdeorum:oak_crucible":1,"minecraft:basalt":7,"minecraft:cobblestone":40,"exdeorum:string_mesh":1,"minecraft:stick":5,"minecraft:blackstone":5,"minecraft:stone_pickaxe":1,"minecraft:chest":2,"exdeorum:oak_sieve":1,"exdeorum:stone_hammer":1}},"DataVersion":3465}