{"stats":{"minecraft:mined":{"minecraft:oak_leaves":2},"minecraft:picked_up":{"exdeorum:granite_pebble":13,"exdeorum:deepslate_pebble":16,"exdeorum:basalt_pebble":21,"minecraft:torch":1,"exdeorum:diorite_pebble":14,"exdeorum:stone_pebble":118,"everlastingabilities:ability_bottle":1,"minecraft:oak_log":4,"exdeorum:andesite_pebble":15,"minecraft:oak_sapling":3,"exdeorum:blackstone_pebble":16},"minecraft:custom":{"minecraft:time_since_rest":2935,"minecraft:crouch_one_cm":1622,"minecraft:walk_one_cm":5127,"minecraft:play_time":8981,"minecraft:sprint_one_cm":132,"minecraft:damage_taken":410,"minecraft:deaths":1,"minecraft:sneak_time":1250,"minecraft:jump":17,"minecraft:leave_game":1,"minecraft:time_since_death":3067,"minecraft:total_world_time":8981,"minecraft:fall_one_cm":159256,"minecraft:fly_one_cm":80},"minecraft:used":{"minecraft:torch":1,"minecraft:oak_sapling":2},"minecraft:crafted":{"minecraft:oak_planks":4,"minecraft:cobblestone":9,"minecraft:air":25}},"DataVersion":3465}