{
  "exdeorum:core/root": {
    "criteria": {
      "in_void_world": "2024-07-26 21:58:22 +0000"
    },
    "done": true
  },
  "minecraft:recipes/decorations/crafting_table": {
    "criteria": {
      "unlock_right_away": "2024-07-26 21:58:23 +0000"
    },
    "done": true
  },
  "mcwfences:recipes/jungle": {
    "criteria": {
      "has_jungle": "2024-07-26 21:58:23 +0000"
    },
    "done": true
  },
  "mekanism:root": {
    "criteria": {
      "automatic": "2024-07-26 21:58:23 +0000"
    },
    "done": true
  },
  "mcwfences:recipes/warped": {
    "criteria": {
      "has_warped": "2024-07-26 21:58:23 +0000"
    },
    "done": true
  },
  "ae2wtlib:recipes/wireless_universal_terminal/upgrade_crafting": {
    "criteria": {
      "has_wct": "2024-07-26 21:58:23 +0000"
    },
    "done": true
  },
  "mcwfences:recipes/birch": {
    "criteria": {
      "has_birch": "2024-07-26 21:58:23 +0000"
    },
    "done": true
  },
  "mcwfences:recipes/stone": {
    "criteria": {
      "has_stone": "2024-07-26 21:58:23 +0000"
    },
    "done": true
  },
  "ae2wtlib:recipes/wireless_pattern_encoding_terminal": {
    "criteria": {
      "has_wt": "2024-07-26 21:58:23 +0000"
    },
    "done": true
  },
  "mcwfences:recipes/hedge": {
    "criteria": {
      "has_birch": "2024-07-26 21:58:23 +0000"
    },
    "done": true
  },
  "ironfurnaces:coal": {
    "criteria": {
      "rainbowcoal": "2024-07-26 21:58:23 +0000"
    },
    "done": true
  },
  "mcwfences:recipes/prismarine": {
    "criteria": {
      "has_qq": "2024-07-26 21:58:23 +0000"
    },
    "done": true
  },
  "mcwfences:recipes/mangrove": {
    "criteria": {
      "has_mangrove": "2024-07-26 21:58:23 +0000"
    },
    "done": true
  },
  "ae2wtlib:recipes/wireless_universal_terminal/upgrade_pattern_encoding": {
    "criteria": {
      "has_wpt": "2024-07-26 21:58:23 +0000"
    },
    "done": true
  },
  "alchemistry:recipes/dissolver/crafting_table": {
    "criteria": {
      "has_the_recipe": "2024-07-26 21:58:23 +0000"
    },
    "done": true
  },
  "forbidden_arcanus:recipes/decorations/deorum_lantern": {
    "criteria": {
      "has_torch": "2024-07-26 21:58:23 +0000"
    },
    "done": true
  },
  "mcwfences:recipes/deepslate": {
    "criteria": {
      "has_deepslate": "2024-07-26 21:58:23 +0000"
    },
    "done": true
  },
  "farmersdelight:main/root": {
    "criteria": {
      "seeds": "2024-07-26 21:58:23 +0000"
    },
    "done": true
  },
  "mcwfences:recipes/dark_oak": {
    "criteria": {
      "has_dark_oak": "2024-07-26 21:58:23 +0000"
    },
    "done": true
  },
  "mcwfences:recipes/crimson": {
    "criteria": {
      "has_crimson": "2024-07-26 21:58:23 +0000"
    },
    "done": true
  },
  "create:root": {
    "criteria": {
      "0": "2024-07-26 21:58:23 +0000"
    },
    "done": true
  },
  "ae2wtlib:recipes/wireless_universal_terminal/upgrade_pattern_access": {
    "criteria": {
      "has_wit": "2024-07-26 21:58:23 +0000"
    },
    "done": true
  },
  "ae2wtlib:recipes/wireless_pattern_access_terminal": {
    "criteria": {
      "has_wt": "2024-07-26 21:58:23 +0000"
    },
    "done": true
  },
  "mcwbridges:recipes/bridge_torch": {
    "criteria": {
      "has_planks": "2024-07-26 21:58:23 +0000"
    },
    "done": true
  },
  "mcwfences:recipes/sandstone": {
    "criteria": {
      "has_sand": "2024-07-26 21:58:23 +0000"
    },
    "done": true
  },
  "mcwfences:recipes/acacia": {
    "criteria": {
      "has_acacia": "2024-07-26 21:58:23 +0000"
    },
    "done": true
  },
  "mcwfences:recipes/oak": {
    "criteria": {
      "has_oak": "2024-07-26 21:58:23 +0000"
    },
    "done": true
  },
  "ae2wtlib:recipes/magnet_card": {
    "criteria": {
      "has_wct": "2024-07-26 21:58:23 +0000"
    },
    "done": true
  },
  "mcwfences:recipes/quartz": {
    "criteria": {
      "has_qq": "2024-07-26 21:58:23 +0000"
    },
    "done": true
  },
  "mcwfences:recipes/nether": {
    "criteria": {
      "has_nether_brick": "2024-07-26 21:58:23 +0000"
    },
    "done": true
  },
  "mcwfences:recipes/bamboo": {
    "criteria": {
      "has_bamboo": "2024-07-26 21:58:23 +0000"
    },
    "done": true
  },
  "ae2wtlib:recipes/wireless_universal_terminal/ce": {
    "criteria": {
      "has_wpt": "2024-07-26 21:58:23 +0000",
      "has_wct": "2024-07-26 21:58:23 +0000"
    },
    "done": true
  },
  "ae2wtlib:recipes/wireless_universal_terminal/ca": {
    "criteria": {
      "has_wit": "2024-07-26 21:58:23 +0000",
      "has_wct": "2024-07-26 21:58:23 +0000"
    },
    "done": true
  },
  "mcwfences:recipes/spruce": {
    "criteria": {
      "has_spruce": "2024-07-26 21:58:23 +0000"
    },
    "done": true
  },
  "ae2wtlib:recipes/wireless_universal_terminal/ae": {
    "criteria": {
      "has_wit": "2024-07-26 21:58:23 +0000",
      "has_wpt": "2024-07-26 21:58:23 +0000"
    },
    "done": true
  },
  "ae2wtlib:recipes/quantum_bridge_card": {
    "criteria": {
      "has_wit": "2024-07-26 21:58:23 +0000",
      "has_wpt": "2024-07-26 21:58:23 +0000",
      "has_wct": "2024-07-26 21:58:23 +0000"
    },
    "done": true
  },
  "mcwfences:recipes/end": {
    "criteria": {
      "has_end_brick": "2024-07-26 21:58:23 +0000"
    },
    "done": true
  },
  "mcwfences:recipes/mud_brick": {
    "criteria": {
      "has_qq": "2024-07-26 21:58:23 +0000"
    },
    "done": true
  },
  "supplementaries:recipes/sconce": {
    "criteria": {
      "has_torch": "2024-07-26 21:58:23 +0000"
    },
    "done": true
  },
  "lootr:root": {
    "criteria": {
      "always_true": "2024-07-26 21:58:23 +0000"
    },
    "done": true
  },
  "mcwfences:recipes/blackstone": {
    "criteria": {
      "has_blackstone": "2024-07-26 21:58:23 +0000"
    },
    "done": true
  },
  "energymeter:recipes/energymeter/meter": {
    "criteria": {
      "has_item": "2024-07-26 21:58:23 +0000"
    },
    "done": true
  },
  "occultism:occultism/root": {
    "criteria": {
      "occultism_present": "2024-07-26 21:58:23 +0000"
    },
    "done": true
  },
  "tombstone:adventure/root": {
    "criteria": {
      "auto": "2024-07-26 21:58:24 +0000"
    },
    "done": true
  },
  "minecraft:adventure/adventuring_time": {
    "criteria": {
      "minecraft:plains": "2024-07-26 21:58:24 +0000"
    },
    "done": false
  },
  "xycraft_override:recipes/building_blocks/shaped/chiseled_wood_pillar_light": {
    "criteria": {
      "has_TagKey[minecraft:item / minecraft:planks]": "2024-07-26 22:12:14 +0000"
    },
    "done": true
  },
  "constructionwand:recipes/tools/stone_wand": {
    "criteria": {
      "has_item": "2024-07-26 22:10:25 +0000"
    },
    "done": true
  },
  "alchemistry:recipes/dissolver/stone": {
    "criteria": {
      "has_the_recipe": "2024-07-26 22:10:25 +0000"
    },
    "done": true
  },
  "botania:recipes/redstone/apothecary_default": {
    "criteria": {
      "has_item": "2024-07-26 22:11:32 +0000"
    },
    "done": true
  },
  "minecraft:recipes/decorations/chest": {
    "criteria": {
      "has_lots_of_items": "2024-07-26 22:10:14 +0000"
    },
    "done": true
  },
  "mcwwindows:recipes/dark_prismarine": {
    "criteria": {
      "has_the_recipe": "2024-07-26 22:12:06 +0000"
    },
    "done": true
  },
  "mcwwindows:recipes/parapets": {
    "criteria": {
      "has_wood": "2024-07-26 22:12:14 +0000",
      "has_the_recipe": "2024-07-26 22:12:14 +0000"
    },
    "done": true
  },
  "xycraft_override:recipes/building_blocks/shaped/chiseled_deepslate_blue_r": {
    "criteria": {
      "has_TagKey[minecraft:item / minecraft:planks]": "2024-07-26 22:12:14 +0000"
    },
    "done": true
  },
  "framedblocks:recipes/building_blocks/framed_cube": {
    "criteria": {
      "hasPlanks": "2024-07-26 22:12:14 +0000"
    },
    "done": true
  },
  "minecraft:recipes/building_blocks/oak_slab": {
    "criteria": {
      "has_planks": "2024-07-26 22:12:14 +0000"
    },
    "done": true
  },
  "utilitix:recipes/misc/crude_furnace": {
    "criteria": {
      "criterion1": "2024-07-26 22:10:25 +0000"
    },
    "done": true
  },
  "enderio:recipes/misc/stone_gear": {
    "criteria": {
      "has_ingredient": "2024-07-26 22:10:25 +0000"
    },
    "done": true
  },
  "mcwtrpdoors:recipes/oak/oak_beach_trapdoor": {
    "criteria": {
      "has_logs": "2024-07-26 22:12:06 +0000"
    },
    "done": true
  },
  "tombstone:adventure/first_grave": {
    "criteria": {
      "coded_trigger": "2024-07-26 22:09:41 +0000"
    },
    "done": true
  },
  "minecraft:recipes/redstone/oak_door": {
    "criteria": {
      "has_planks": "2024-07-26 22:12:14 +0000"
    },
    "done": true
  },
  "mcwwindows:recipes/spruce": {
    "criteria": {
      "has_the_recipe": "2024-07-26 22:12:06 +0000"
    },
    "done": true
  },
  "supplementaries:recipes/turn_table": {
    "criteria": {
      "has_cobblestone": "2024-07-26 22:10:25 +0000"
    },
    "done": true
  },
  "minecraft:recipes/building_blocks/cobblestone_slab": {
    "criteria": {
      "has_cobblestone": "2024-07-26 22:10:25 +0000"
    },
    "done": true
  },
  "minecraft:recipes/building_blocks/cobblestone_stairs": {
    "criteria": {
      "has_cobblestone": "2024-07-26 22:10:25 +0000"
    },
    "done": true
  },
  "mcwbridges:recipes/asian_red_bridge_pier": {
    "criteria": {
      "has_planks": "2024-07-26 22:12:14 +0000"
    },
    "done": true
  },
  "mcwtrpdoors:recipes/oak/oak_barred_trapdoor": {
    "criteria": {
      "has_logs": "2024-07-26 22:12:06 +0000"
    },
    "done": true
  },
  "mcwroofs:recipes/cobblestone": {
    "criteria": {
      "has_planks": "2024-07-26 22:10:25 +0000"
    },
    "done": true
  },
  "minecraft:recipes/combat/stone_sword": {
    "criteria": {
      "has_cobblestone": "2024-07-26 22:10:25 +0000"
    },
    "done": true
  },
  "minecraft:recipes/decorations/cobblestone_wall": {
    "criteria": {
      "has_cobblestone": "2024-07-26 22:10:25 +0000"
    },
    "done": true
  },
  "minecraft:recipes/tools/stone_axe": {
    "criteria": {
      "has_cobblestone": "2024-07-26 22:10:25 +0000"
    },
    "done": true
  },
  "xycraft_override:recipes/building_blocks/shaped/chiseled_deepslate_dark_r": {
    "criteria": {
      "has_TagKey[minecraft:item / minecraft:planks]": "2024-07-26 22:12:14 +0000"
    },
    "done": true
  },
  "mcwbridges:recipes/asian_red_bridge": {
    "criteria": {
      "has_planks": "2024-07-26 22:12:14 +0000"
    },
    "done": true
  },
  "xycraft_override:recipes/building_blocks/shaped/chiseled_deepslate_dark": {
    "criteria": {
      "has_TagKey[minecraft:item / minecraft:planks]": "2024-07-26 22:12:14 +0000"
    },
    "done": true
  },
  "mcwwindows:recipes/shutters": {
    "criteria": {
      "has_wood": "2024-07-26 22:12:14 +0000"
    },
    "done": true
  },
  "xycraft_override:recipes/building_blocks/shaped/chiseled_wood_pillar_green": {
    "criteria": {
      "has_TagKey[minecraft:item / minecraft:planks]": "2024-07-26 22:12:14 +0000"
    },
    "done": true
  },
  "supplementaries:recipes/notice_board": {
    "criteria": {
      "minecraft:planks": "2024-07-26 22:12:14 +0000"
    },
    "done": true
  },
  "mcwwindows:recipes/mangrove": {
    "criteria": {
      "has_the_recipe": "2024-07-26 22:12:06 +0000"
    },
    "done": true
  },
  "mcwtrpdoors:recipes/acacia/oak_bark_trapdoor": {
    "criteria": {
      "has_logs": "2024-07-26 22:12:06 +0000"
    },
    "done": true
  },
  "mcwtrpdoors:recipes/oak/oak_barrel_trapdoor": {
    "criteria": {
      "has_logs": "2024-07-26 22:12:06 +0000"
    },
    "done": true
  },
  "mcwbridges:recipes/cobblestone_bridge_pier": {
    "criteria": {
      "has_planks": "2024-07-26 22:10:25 +0000"
    },
    "done": true
  },
  "occultism:recipes/spirit_fire/spirit_fire/otherworld_sapling_natural": {
    "criteria": {
      "has_oak_sapling": "2024-07-26 22:11:45 +0000"
    },
    "done": true
  },
  "botania:recipes/tools/dreamwood_wand": {
    "criteria": {
      "has_item": "2024-07-26 22:11:32 +0000"
    },
    "done": true
  },
  "forbidden_arcanus:recipes/tools/stone_blacksmith_gavel": {
    "criteria": {
      "has_stone_tool_materials": "2024-07-26 22:10:25 +0000"
    },
    "done": true
  },
  "xycraft_override:recipes/building_blocks/shaped/chiseled_deepslate_green_r": {
    "criteria": {
      "has_TagKey[minecraft:item / minecraft:planks]": "2024-07-26 22:12:14 +0000"
    },
    "done": true
  },
  "utilitarian:recipes/misc/utility/oak_logs_to_trapdoors": {
    "criteria": {
      "has_log": "2024-07-26 22:12:06 +0000"
    },
    "done": true
  },
  "utilitarian:recipes/misc/utility/oak_logs_to_slabs": {
    "criteria": {
      "has_log": "2024-07-26 22:12:06 +0000"
    },
    "done": true
  },
  "xycraft_override:recipes/building_blocks/shaped/chiseled_wood_pillar_dark_r": {
    "criteria": {
      "has_TagKey[minecraft:item / minecraft:planks]": "2024-07-26 22:12:14 +0000"
    },
    "done": true
  },
  "mcwwindows:recipes/prismarine": {
    "criteria": {
      "has_the_recipe": "2024-07-26 22:12:06 +0000"
    },
    "done": true
  },
  "exdeorum:recipes/tools/stone_hammer": {
    "criteria": {
      "has_item": "2024-07-26 22:10:25 +0000"
    },
    "done": true
  },
  "allthecompressed:recipes/building_blocks/compress/oak_planks_1x": {
    "criteria": {
      "has_oak_planks": "2024-07-26 22:12:14 +0000"
    },
    "done": true
  },
  "mcwwindows:recipes/dark_oak": {
    "criteria": {
      "has_the_recipe": "2024-07-26 22:12:06 +0000"
    },
    "done": true
  },
  "minecraft:story/mine_stone": {
    "criteria": {
      "get_stone": "2024-07-26 22:10:25 +0000"
    },
    "done": true
  },
  "minecraft:recipes/decorations/furnace": {
    "criteria": {
      "has_cobblestone": "2024-07-26 22:10:25 +0000"
    },
    "done": true
  },
  "allthecompressed:recipes/building_blocks/compress/cobblestone_1x": {
    "criteria": {
      "has_cobblestone": "2024-07-26 22:10:25 +0000"
    },
    "done": true
  },
  "exdeorum:recipes/misc/blackstone": {
    "criteria": {
      "has_item": "2024-07-26 22:10:14 +0000"
    },
    "done": true
  },
  "exdeorum:recipes/tools/wooden_hammer": {
    "criteria": {
      "has_item": "2024-07-26 22:12:14 +0000"
    },
    "done": true
  },
  "mcwwindows:recipes/components": {
    "criteria": {
      "has_wood": "2024-07-26 22:12:06 +0000"
    },
    "done": true
  },
  "mcwbridges:recipes/oak_log_bridge_middle": {
    "criteria": {
      "has_planks": "2024-07-26 22:12:14 +0000"
    },
    "done": true
  },
  "mcwtrpdoors:recipes/oak/oak_glass_trapdoor": {
    "criteria": {
      "has_logs": "2024-07-26 22:12:06 +0000"
    },
    "done": true
  },
  "mcwwindows:recipes/cherry": {
    "criteria": {
      "has_the_recipe": "2024-07-26 22:12:06 +0000"
    },
    "done": true
  },
  "utilitarian:recipes/misc/utility/logs_to_bowls": {
    "criteria": {
      "has_log": "2024-07-26 22:12:06 +0000"
    },
    "done": true
  },
  "botania:recipes/misc/conversions/light_gray_petal_block_deconstruct": {
    "criteria": {
      "has_item": "2024-07-26 22:11:32 +0000"
    },
    "done": true
  },
  "minecraft:recipes/misc/charcoal": {
    "criteria": {
      "has_log": "2024-07-26 22:12:06 +0000"
    },
    "done": true
  },
  "utilitarian:recipes/misc/utility/oak_logs_to_pressure_plates": {
    "criteria": {
      "has_log": "2024-07-26 22:12:06 +0000"
    },
    "done": true
  },
  "supplementaries:recipes/clock_block": {
    "criteria": {
      "minecraft:planks": "2024-07-26 22:12:14 +0000"
    },
    "done": true
  },
  "mcwtrpdoors:recipes/oak/oak_cottage_trapdoor": {
    "criteria": {
      "has_logs": "2024-07-26 22:12:06 +0000"
    },
    "done": true
  },
  "utilitarian:recipes/misc/utility/oak_logs_to_doors": {
    "criteria": {
      "has_log": "2024-07-26 22:12:06 +0000"
    },
    "done": true
  },
  "mcwtrpdoors:recipes/oak/oak_barn_trapdoor": {
    "criteria": {
      "has_logs": "2024-07-26 22:12:06 +0000"
    },
    "done": true
  },
  "utilitix:recipes/misc/comparator_redirector_up": {
    "criteria": {
      "criterion1": "2024-07-26 22:10:25 +0000"
    },
    "done": true
  },
  "minecraft:recipes/tools/stone_shovel": {
    "criteria": {
      "has_cobblestone": "2024-07-26 22:10:25 +0000"
    },
    "done": true
  },
  "mcwwindows:recipes/jungle": {
    "criteria": {
      "has_the_recipe": "2024-07-26 22:12:06 +0000"
    },
    "done": true
  },
  "silentgear:recipes/misc/upgrade_base": {
    "criteria": {
      "has_item": "2024-07-26 22:12:14 +0000"
    },
    "done": true
  },
  "botania:recipes/misc/petal_light_gray": {
    "criteria": {
      "has_alt_item": "2024-07-26 22:11:32 +0000"
    },
    "done": true
  },
  "mcwtrpdoors:recipes/oak/oak_tropical_trapdoor": {
    "criteria": {
      "has_logs": "2024-07-26 22:12:06 +0000"
    },
    "done": true
  },
  "oreberriesreplanted:recipes/misc/oak_vat": {
    "criteria": {
      "has_planks": "2024-07-26 22:12:14 +0000"
    },
    "done": true
  },
  "minecraft:recipes/building_blocks/oak_stairs": {
    "criteria": {
      "has_planks": "2024-07-26 22:12:14 +0000"
    },
    "done": true
  },
  "xycraft_override:recipes/building_blocks/shaped/chiseled_wood_pillar_red_r": {
    "criteria": {
      "has_TagKey[minecraft:item / minecraft:planks]": "2024-07-26 22:12:14 +0000"
    },
    "done": true
  },
  "projecte:recipes/misc/low_covalence_dust": {
    "criteria": {
      "has_cobble": "2024-07-26 22:10:25 +0000"
    },
    "done": true
  },
  "minecraft:recipes/decorations/oak_fence": {
    "criteria": {
      "has_planks": "2024-07-26 22:12:14 +0000"
    },
    "done": true
  },
  "enderio:recipes/misc/stick": {
    "criteria": {
      "has_ingredient": "2024-07-26 22:12:06 +0000"
    },
    "done": true
  },
  "supplementaries:recipes/speaker_block": {
    "criteria": {
      "minecraft:planks": "2024-07-26 22:12:14 +0000"
    },
    "done": true
  },
  "exdeorum:recipes/misc/andesite": {
    "criteria": {
      "has_item": "2024-07-26 22:10:08 +0000"
    },
    "done": true
  },
  "mcwbridges:recipes/cobblestone_bridge": {
    "criteria": {
      "has_planks": "2024-07-26 22:10:25 +0000"
    },
    "done": true
  },
  "mcwwindows:recipes/andesite": {
    "criteria": {
      "has_the_recipe": "2024-07-26 22:12:06 +0000"
    },
    "done": true
  },
  "mcwbridges:recipes/oak_bridge_pier": {
    "criteria": {
      "has_planks": "2024-07-26 22:12:06 +0000"
    },
    "done": true
  },
  "supplementaries:recipes/pulley": {
    "criteria": {
      "minecraft:planks": "2024-07-26 22:12:14 +0000"
    },
    "done": true
  },
  "minecraft:recipes/building_blocks/cobblestone_stairs_from_cobblestone_stonecutting": {
    "criteria": {
      "has_cobblestone": "2024-07-26 22:10:25 +0000"
    },
    "done": true
  },
  "mcwdoors:recipes/oak": {
    "criteria": {
      "has_wood": "2024-07-26 22:12:06 +0000"
    },
    "done": true
  },
  "minecraft:recipes/tools/stone_hoe": {
    "criteria": {
      "has_cobblestone": "2024-07-26 22:10:25 +0000"
    },
    "done": true
  },
  "alchemistry:recipes/dissolver/cobblestone_slab": {
    "criteria": {
      "has_the_recipe": "2024-07-26 22:10:25 +0000"
    },
    "done": true
  },
  "mcwwindows:recipes/diorite": {
    "criteria": {
      "has_the_recipe": "2024-07-26 22:12:06 +0000"
    },
    "done": true
  },
  "botania:recipes/tools/twig_wand": {
    "criteria": {
      "has_item": "2024-07-26 22:11:32 +0000"
    },
    "done": true
  },
  "xycraft_override:recipes/building_blocks/shaped/chiseled_deepslate_light_r": {
    "criteria": {
      "has_TagKey[minecraft:item / minecraft:planks]": "2024-07-26 22:12:14 +0000"
    },
    "done": true
  },
  "exdeorum:recipes/misc/cobblestone": {
    "criteria": {
      "has_item": "2024-07-26 22:10:05 +0000"
    },
    "done": true
  },
  "minecraft:recipes/misc/stick": {
    "criteria": {
      "has_planks": "2024-07-26 22:12:14 +0000"
    },
    "done": true
  },
  "botania:recipes/misc/dye_light_gray": {
    "criteria": {
      "has_item": "2024-07-26 22:11:32 +0000"
    },
    "done": true
  },
  "xycraft_override:recipes/building_blocks/shaped/chiseled_wood_pillar_red": {
    "criteria": {
      "has_TagKey[minecraft:item / minecraft:planks]": "2024-07-26 22:12:14 +0000"
    },
    "done": true
  },
  "mcwtrpdoors:recipes/oak/oak_mystic_trapdoor": {
    "criteria": {
      "has_logs": "2024-07-26 22:12:06 +0000"
    },
    "done": true
  },
  "xycraft_override:recipes/building_blocks/shaped/chiseled_deepslate_red": {
    "criteria": {
      "has_TagKey[minecraft:item / minecraft:planks]": "2024-07-26 22:12:14 +0000"
    },
    "done": true
  },
  "utilitarian:recipes/misc/utility/oak_logs_to_stairs": {
    "criteria": {
      "has_log": "2024-07-26 22:12:06 +0000"
    },
    "done": true
  },
  "mcwtrpdoors:recipes/oak/oak_blossom_trapdoor": {
    "criteria": {
      "has_plankss": "2024-07-26 22:12:14 +0000"
    },
    "done": true
  },
  "naturescompass:natures_compass_sapling": {
    "criteria": {
      "has_sapling": "2024-07-26 22:11:45 +0000"
    },
    "done": true
  },
  "minecraft:recipes/building_blocks/oak_planks": {
    "criteria": {
      "has_logs": "2024-07-26 22:12:06 +0000"
    },
    "done": true
  },
  "utilitarian:recipes/misc/utility/oak_logs_to_boats": {
    "criteria": {
      "has_log": "2024-07-26 22:12:06 +0000"
    },
    "done": true
  },
  "minecraft:recipes/decorations/cobblestone_wall_from_cobblestone_stonecutting": {
    "criteria": {
      "has_cobblestone": "2024-07-26 22:10:25 +0000"
    },
    "done": true
  },
  "xycraft_override:recipes/building_blocks/shaped/chiseled_deepslate_red_r": {
    "criteria": {
      "has_TagKey[minecraft:item / minecraft:planks]": "2024-07-26 22:12:14 +0000"
    },
    "done": true
  },
  "xycraft_override:recipes/building_blocks/shaped/chiseled_wood_pillar_blue": {
    "criteria": {
      "has_TagKey[minecraft:item / minecraft:planks]": "2024-07-26 22:12:14 +0000"
    },
    "done": true
  },
  "minecraft:recipes/redstone/lever": {
    "criteria": {
      "has_cobblestone": "2024-07-26 22:10:25 +0000"
    },
    "done": true
  },
  "minecraft:recipes/redstone/oak_trapdoor": {
    "criteria": {
      "has_planks": "2024-07-26 22:12:14 +0000"
    },
    "done": true
  },
  "sophisticatedstorage:recipes/misc/oak_limited_barrel_1": {
    "criteria": {
      "has_oak_plank": "2024-07-26 22:12:14 +0000"
    },
    "done": true
  },
  "sophisticatedstorage:recipes/misc/oak_limited_barrel_2": {
    "criteria": {
      "has_oak_plank": "2024-07-26 22:12:14 +0000"
    },
    "done": true
  },
  "sophisticatedstorage:recipes/misc/oak_limited_barrel_3": {
    "criteria": {
      "has_oak_plank": "2024-07-26 22:12:14 +0000"
    },
    "done": true
  },
  "sophisticatedstorage:recipes/misc/oak_limited_barrel_4": {
    "criteria": {
      "has_oak_plank": "2024-07-26 22:12:14 +0000"
    },
    "done": true
  },
  "mcwwindows:recipes/oak": {
    "criteria": {
      "has_wood": "2024-07-26 22:12:06 +0000"
    },
    "done": true
  },
  "xycraft_override:recipes/building_blocks/shaped/chiseled_wood_pillar_light_r": {
    "criteria": {
      "has_TagKey[minecraft:item / minecraft:planks]": "2024-07-26 22:12:14 +0000"
    },
    "done": true
  },
  "supplementaries:recipes/bed_from_feather_block": {
    "criteria": {
      "minecraft:planks": "2024-07-26 22:12:14 +0000"
    },
    "done": true
  },
  "supplementaries:recipes/checker": {
    "criteria": {
      "has_cobblestone": "2024-07-26 22:10:25 +0000"
    },
    "done": true
  },
  "xycraft_override:recipes/building_blocks/shaped/chiseled_deepslate_green": {
    "criteria": {
      "has_TagKey[minecraft:item / minecraft:planks]": "2024-07-26 22:12:14 +0000"
    },
    "done": true
  },
  "mcwtrpdoors:recipes/oak/oak_four_panel_trapdoor": {
    "criteria": {
      "has_logs": "2024-07-26 22:12:06 +0000"
    },
    "done": true
  },
  "xycraft_override:recipes/building_blocks/shaped/chiseled_deepslate_blue": {
    "criteria": {
      "has_TagKey[minecraft:item / minecraft:planks]": "2024-07-26 22:12:14 +0000"
    },
    "done": true
  },
  "mcwbridges:recipes/rope_oak_bridge": {
    "criteria": {
      "has_planks": "2024-07-26 22:12:14 +0000"
    },
    "done": true
  },
  "mcwbridges:recipes/oak_rail_bridge": {
    "criteria": {
      "has_planks": "2024-07-26 22:12:14 +0000"
    },
    "done": true
  },
  "mcwwindows:recipes/granite": {
    "criteria": {
      "has_the_recipe": "2024-07-26 22:12:06 +0000"
    },
    "done": true
  },
  "utilitix:recipes/misc/comparator_redirector_down": {
    "criteria": {
      "criterion1": "2024-07-26 22:10:25 +0000"
    },
    "done": true
  },
  "minecraft:recipes/redstone/oak_pressure_plate": {
    "criteria": {
      "has_planks": "2024-07-26 22:12:14 +0000"
    },
    "done": true
  },
  "botania:recipes/decorations/light_gray_petal_block": {
    "criteria": {
      "has_item": "2024-07-26 22:11:32 +0000"
    },
    "done": true
  },
  "mcwbridges:recipes/balustrade_cobblestone_bridge": {
    "criteria": {
      "has_planks": "2024-07-26 22:10:25 +0000"
    },
    "done": true
  },
  "botania:recipes/redstone/apothecary_deepslate": {
    "criteria": {
      "has_item": "2024-07-26 22:11:32 +0000"
    },
    "done": true
  },
  "exdeorum:recipes/misc/oak_compressed_sieve": {
    "criteria": {
      "has_item": "2024-07-26 22:12:06 +0000"
    },
    "done": true
  },
  "exdeorum:recipes/misc/granite": {
    "criteria": {
      "has_item": "2024-07-26 22:10:08 +0000"
    },
    "done": true
  },
  "mcwwindows:recipes/warped": {
    "criteria": {
      "has_the_recipe": "2024-07-26 22:12:06 +0000"
    },
    "done": true
  },
  "minecraft:recipes/decorations/oak_sign": {
    "criteria": {
      "has_planks": "2024-07-26 22:12:14 +0000"
    },
    "done": true
  },
  "tombstone:recipes/from_grave_key": {
    "criteria": {
      "has_ingredient": "2024-07-26 22:09:43 +0000"
    },
    "done": true
  },
  "mcwtrpdoors:recipes/oak/oak_swamp_trapdoor": {
    "criteria": {
      "has_logs": "2024-07-26 22:12:06 +0000"
    },
    "done": true
  },
  "supplementaries:recipes/lock_block": {
    "criteria": {
      "minecraft:planks": "2024-07-26 22:12:14 +0000"
    },
    "done": true
  },
  "mcwwindows:recipes/blinds": {
    "criteria": {
      "has_wood": "2024-07-26 22:12:14 +0000"
    },
    "done": true
  },
  "exdeorum:recipes/misc/oak_sieve": {
    "criteria": {
      "has_item": "2024-07-26 22:12:14 +0000"
    },
    "done": true
  },
  "mcwtrpdoors:recipes/oak/oak_paper_trapdoor": {
    "criteria": {
      "has_logs": "2024-07-26 22:12:06 +0000"
    },
    "done": true
  },
  "naturescompass:natures_compass": {
    "criteria": {
      "has_recipe": "2024-07-26 22:11:45 +0000"
    },
    "done": true
  },
  "minecraft:recipes/building_blocks/cobblestone_slab_from_cobblestone_stonecutting": {
    "criteria": {
      "has_cobblestone": "2024-07-26 22:10:25 +0000"
    },
    "done": true
  },
  "minecraft:recipes/building_blocks/stone": {
    "criteria": {
      "has_cobblestone": "2024-07-26 22:10:25 +0000"
    },
    "done": true
  },
  "exdeorum:recipes/misc/diorite": {
    "criteria": {
      "has_item": "2024-07-26 22:10:09 +0000"
    },
    "done": true
  },
  "botania:recipes/redstone/apothecary_mossy": {
    "criteria": {
      "has_item": "2024-07-26 22:11:32 +0000"
    },
    "done": true
  },
  "mcwwindows:recipes/birch": {
    "criteria": {
      "has_the_recipe": "2024-07-26 22:12:06 +0000"
    },
    "done": true
  },
  "silentgear:recipes/misc/stone_rod": {
    "criteria": {
      "has_item": "2024-07-26 22:10:25 +0000"
    },
    "done": true
  },
  "xycraft_override:recipes/building_blocks/shaped/chiseled_wood_pillar_blue_r": {
    "criteria": {
      "has_TagKey[minecraft:item / minecraft:planks]": "2024-07-26 22:12:14 +0000"
    },
    "done": true
  },
  "minecraft:recipes/tools/stone_pickaxe": {
    "criteria": {
      "has_cobblestone": "2024-07-26 22:10:25 +0000"
    },
    "done": true
  },
  "xycraft_override:recipes/building_blocks/shaped/chiseled_wood_pillar_green_r": {
    "criteria": {
      "has_TagKey[minecraft:item / minecraft:planks]": "2024-07-26 22:12:14 +0000"
    },
    "done": true
  },
  "mcwroofs:recipes/oak_planks": {
    "criteria": {
      "has_planks": "2024-07-26 22:12:14 +0000"
    },
    "done": true
  },
  "botania:recipes/tools/lexicon": {
    "criteria": {
      "has_item": "2024-07-26 22:11:45 +0000"
    },
    "done": true
  },
  "sophisticatedstorage:recipes/misc/oak_chest": {
    "criteria": {
      "has_oak_plank": "2024-07-26 22:12:14 +0000"
    },
    "done": true
  },
  "minecraft:recipes/redstone/oak_fence_gate": {
    "criteria": {
      "has_planks": "2024-07-26 22:12:14 +0000"
    },
    "done": true
  },
  "naturescompass:natures_compass_log": {
    "criteria": {
      "has_recipe": "2024-07-26 22:11:45 +0000"
    },
    "done": true
  },
  "alchemistry:recipes/dissolver/stick": {
    "criteria": {
      "has_the_recipe": "2024-07-26 22:12:14 +0000"
    },
    "done": true
  },
  "allthecompressed:recipes/building_blocks/compress/oak_log_1x": {
    "criteria": {
      "has_oak_log": "2024-07-26 22:12:06 +0000"
    },
    "done": true
  },
  "mcwfurnitures:recipes/oak": {
    "criteria": {
      "has_wood": "2024-07-26 22:12:06 +0000"
    },
    "done": true
  },
  "minecraft:recipes/decorations/barrel": {
    "criteria": {
      "has_planks": "2024-07-26 22:12:14 +0000"
    },
    "done": true
  },
  "mcwwindows:recipes/stone": {
    "criteria": {
      "has_the_recipe": "2024-07-26 22:12:06 +0000"
    },
    "done": true
  },
  "mcwwindows:recipes/crimson": {
    "criteria": {
      "has_the_recipe": "2024-07-26 22:12:06 +0000"
    },
    "done": true
  },
  "minecraft:recipes/building_blocks/oak_wood": {
    "criteria": {
      "has_log": "2024-07-26 22:12:06 +0000"
    },
    "done": true
  },
  "xycraft_override:recipes/building_blocks/shaped/chiseled_wood_pillar_dark": {
    "criteria": {
      "has_TagKey[minecraft:item / minecraft:planks]": "2024-07-26 22:12:14 +0000"
    },
    "done": true
  },
  "sophisticatedstorage:recipes/misc/oak_barrel": {
    "criteria": {
      "has_oak_plank": "2024-07-26 22:12:14 +0000"
    },
    "done": true
  },
  "mcwwindows:recipes/blackstone": {
    "criteria": {
      "has_the_recipe": "2024-07-26 22:12:06 +0000"
    },
    "done": true
  },
  "exdeorum:recipes/misc/basalt": {
    "criteria": {
      "has_item": "2024-07-26 22:10:10 +0000"
    },
    "done": true
  },
  "utilitarian:recipes/food/utility/charcoal_from_campfire": {
    "criteria": {
      "has_logs": "2024-07-26 22:12:06 +0000"
    },
    "done": true
  },
  "exdeorum:recipes/misc/cobbled_deepslate": {
    "criteria": {
      "has_item": "2024-07-26 22:10:08 +0000"
    },
    "done": true
  },
  "mcwtrpdoors:recipes/print_classic": {
    "criteria": {
      "has_logs": "2024-07-26 22:12:06 +0000"
    },
    "done": true
  },
  "minecraft:recipes/redstone/oak_button": {
    "criteria": {
      "has_planks": "2024-07-26 22:12:14 +0000"
    },
    "done": true
  },
  "botania:recipes/misc/petal_light_gray_double": {
    "criteria": {
      "has_alt_item": "2024-07-26 22:11:32 +0000"
    },
    "done": true
  },
  "forbidden_arcanus:recipes/tools/wooden_blacksmith_gavel": {
    "criteria": {
      "has_planks": "2024-07-26 22:12:14 +0000"
    },
    "done": true
  },
  "alchemistry:recipes/dissolver/charcoal": {
    "criteria": {
      "has_the_recipe": "2024-07-26 22:12:06 +0000"
    },
    "done": true
  },
  "mcwroofs:recipes/oak": {
    "criteria": {
      "has_planks": "2024-07-26 22:12:06 +0000"
    },
    "done": true
  },
  "mcwtrpdoors:recipes/oak/oak_ranch_trapdoor": {
    "criteria": {
      "has_logs": "2024-07-26 22:12:06 +0000"
    },
    "done": true
  },
  "mcwwindows:recipes/acacia": {
    "criteria": {
      "has_the_recipe": "2024-07-26 22:12:06 +0000"
    },
    "done": true
  },
  "mcwbridges:recipes/cobblestone_bridge_stair": {
    "criteria": {
      "has_planks": "2024-07-26 22:10:25 +0000"
    },
    "done": true
  },
  "create:recipes/building_blocks/oak_window": {
    "criteria": {
      "has_ingredient": "2024-07-26 22:12:14 +0000"
    },
    "done": true
  },
  "xycraft_override:recipes/building_blocks/shaped/chiseled_deepslate_light": {
    "criteria": {
      "has_TagKey[minecraft:item / minecraft:planks]": "2024-07-26 22:12:14 +0000"
    },
    "done": true
  },
  "DataVersion": 3465
}